ptg000001l	8220794	9660	0
ptg000002l	3402026	3298	0
ptg000003l	4368746	4854	0
ptg000004l	6865751	7477	0
ptg000005l	3808725	3954	0
ptg000006l	1561415	5140	0
ptg000007l	5806352	6484	0
ptg000008l	698119	546	0
ptg000009l	1116276	1278	0
ptg000010l	2130484	3803	0
ptg000011l	2020859	2209	0
ptg000012l	2501988	3417	0
ptg000013l	4137689	4900	0
ptg000014l	7108716	36616	0
ptg000015l	36717	131	0
ptg000016l	555398	666	0
ptg000017l	18035922	20129	0
ptg000018l	8330096	8924	0
ptg000019l	33117946	37231	0
ptg000020l	7925818	10538	0
ptg000021l	524724	488	0
ptg000022l	5544411	5869	0
ptg000023l	3104027	2957	0
ptg000024l	8880185	10588	0
ptg000025l	511719	1057	0
ptg000026l	1987953	3124	0
ptg000027l	2859764	3391	0
ptg000028l	1191217	1775	0
ptg000029l	3506122	4016	0
ptg000030l	907913	1169	0
ptg000031l	2613490	2983	0
ptg000032l	6341076	7325	0
ptg000033l	6491567	23281	0
ptg000034l	16600387	19165	0
ptg000035l	6137396	6877	0
ptg000036l	2593237	2722	0
ptg000037l	16007275	17848	0
ptg000038l	16538170	22472	0
ptg000039l	3963343	8903	0
ptg000040l	2151625	6269	0
ptg000041l	11743109	13439	0
ptg000042l	3152357	3241	0
ptg000043l	2838405	4051	0
ptg000044l	7280951	8296	0
ptg000045l	5529308	5577	0
ptg000046l	24750919	30046	0
ptg000047l	1651304	1632	0
ptg000048l	6213598	7161	0
ptg000049l	5487353	6430	0
ptg000050l	3445382	4141	0
ptg000051l	4737788	5361	0
ptg000052l	1119137	4118	0
ptg000053l	13809420	16220	0
ptg000054l	12676943	16186	0
ptg000055l	16516743	20676	0
ptg000056l	12044610	15564	0
ptg000057l	665325	796	0
ptg000058c	178650	452	0
ptg000059l	4481126	8851	0
ptg000060l	5205127	6018	0
ptg000061l	19963124	22174	0
ptg000062l	5301059	6318	0
ptg000063l	4143389	4140	0
ptg000064l	45742534	52880	0
ptg000065l	24345349	28631	0
ptg000066l	23894932	27494	0
ptg000067l	16022815	18181	0
ptg000068l	1605693	1891	0
ptg000069l	6745640	7794	0
ptg000070l	1582189	1773	0
ptg000071l	13092968	14579	0
ptg000072l	4484263	5019	0
ptg000073l	12321429	14201	0
ptg000074l	11806873	13590	0
ptg000075l	33913670	38839	0
ptg000076l	3888082	4497	0
ptg000077l	14764493	16751	0
ptg000078l	2773401	9585	0
ptg000079l	3319771	4223	0
ptg000080l	7987123	10177	0
ptg000081l	11973774	15756	0
ptg000082l	4972402	5681	0
ptg000083l	7380333	25339	0
ptg000084l	24566003	28760	0
ptg000085l	9224105	10468	0
ptg000086l	4856987	5532	0
ptg000087l	2031230	2226	0
ptg000088l	554149	2691	0
ptg000089l	19086238	21561	0
ptg000090l	3174080	3452	0
ptg000091l	16133091	18446	0
ptg000092l	7348343	8443	0
ptg000093l	305974	2754	0
ptg000094l	2720135	3096	0
ptg000095l	148730	259	0
ptg000096l	10039816	41498	0
ptg000097l	5440245	6753	0
ptg000098c	41638	1669	0
ptg000099l	2008824	1970	0
ptg000100l	2666384	3046	0
ptg000101l	7066380	7849	0
ptg000102l	12768554	38421	0
ptg000103l	6728563	10475	0
ptg000104l	230155	242	0
ptg000105l	12360383	14210	0
ptg000106l	6810379	7396	0
ptg000107l	12633526	14793	0
ptg000108l	2552293	2313	0
ptg000109l	9092861	10217	0
ptg000110l	1185207	1368	0
ptg000111l	1416489	5582	0
ptg000112l	3769278	4481	0
ptg000113l	4107912	9615	0
ptg000114l	13097187	14880	0
ptg000115l	5105264	6012	0
ptg000116l	10942413	12784	0
ptg000117l	36198422	41945	0
ptg000118l	81408	83	0
ptg000119l	14132220	15887	0
ptg000120l	14057328	17914	0
ptg000121l	54346700	62439	0
ptg000122l	2937867	3381	0
ptg000123l	7127017	8371	0
ptg000124l	4427991	5237	0
ptg000125l	5706184	6560	0
ptg000126l	2739794	3009	0
ptg000127l	1849484	1562	0
ptg000128l	14237554	15980	0
ptg000129l	8636443	9722	0
ptg000130l	8224827	9419	0
ptg000131l	16322944	18106	0
ptg000132l	21243482	23739	0
ptg000133l	694365	710	0
ptg000134l	1492819	1380	0
ptg000135l	2963773	2930	0
ptg000136l	666103	1681	0
ptg000137l	3345849	3672	0
ptg000138l	5415131	5647	0
ptg000139l	2378577	5866	0
ptg000140l	600146	632	0
ptg000141l	13291770	20843	0
ptg000142l	8947096	10135	0
ptg000143l	10123459	11694	0
ptg000144l	6085351	6911	0
ptg000145l	4306677	4680	0
ptg000146l	3709667	3818	0
ptg000147l	83708	556	0
ptg000148l	3361767	3760	0
ptg000149l	13344601	15359	0
ptg000150l	4017530	4681	0
ptg000151l	2223349	4695	0
ptg000152l	18903556	48709	0
ptg000153l	25644004	34743	0
ptg000154l	5128128	5629	0
ptg000155l	1571028	3409	0
ptg000156l	3034085	3397	0
ptg000157l	4552512	25822	0
ptg000158l	14391762	15838	0
ptg000159l	1756556	1845	0
ptg000160l	1443382	2519	0
ptg000161l	1291023	1644	0
ptg000162l	6039405	6686	0
ptg000163l	1073122	1177	0
ptg000164l	8174527	9309	0
ptg000165l	5783726	6598	0
ptg000166l	5562684	6339	0
ptg000167l	1269820	4175	0
ptg000168l	2688950	7884	0
ptg000169l	12188420	13793	0
ptg000170l	995236	870	0
ptg000171l	6133555	6361	0
ptg000172l	766645	1505	0
ptg000173l	2581700	2733	0
ptg000174l	4154624	4735	0
ptg000175l	9187349	8883	0
ptg000176l	20458916	23322	0
ptg000177l	2199622	2575	0
ptg000178l	1720226	1588	0
ptg000179l	560201	770	0
ptg000180l	6032903	6814	0
ptg000181l	5964833	7710	0
ptg000182l	699010	1158	0
ptg000183l	2950673	3229	0
ptg000184l	472148	595	0
ptg000185l	3285519	12477	0
ptg000186l	1894116	1995	0
ptg000187l	1067322	1041	0
ptg000188l	2892807	3358	0
ptg000189l	35182310	39084	0
ptg000190l	1369902	6233	0
ptg000191l	9857910	11066	0
ptg000192l	8010696	9306	0
ptg000193l	11177701	14552	0
ptg000194l	7154853	9671	0
ptg000195l	4684425	5214	0
ptg000196l	594647	1732	0
ptg000197l	1911993	2085	0
ptg000198l	1376526	1540	0
ptg000199l	13638554	15885	0
ptg000200l	881355	897	0
ptg000201l	913065	4371	0
ptg000202l	882895	769	0
ptg000203l	10564954	12680	0
ptg000204l	2459380	2526	0
ptg000205l	606578	630	0
ptg000206l	1300992	1590	0
ptg000207l	3832885	3913	0
ptg000208l	3372074	3911	0
ptg000209l	2045151	2071	0
ptg000210l	6463235	6738	0
ptg000211l	11795281	13379	0
ptg000212l	22904956	26648	0
ptg000213l	3899076	10488	0
ptg000214l	14158136	16014	0
ptg000215l	4046365	4595	0
ptg000216l	8860085	10271	0
ptg000217l	5711588	10318	0
ptg000218l	19362808	21840	0
ptg000219l	383246	799	0
ptg000220l	3062978	10834	0
ptg000221l	3407907	3830	0
ptg000222l	2979865	3274	0
ptg000223l	633762	734	0
ptg000224l	130737	125	0
ptg000225l	9818047	11360	0
ptg000226l	4080479	6254	0
ptg000227l	280701	288	0
ptg000228l	4496324	5143	0
ptg000229l	1008671	1142	0
ptg000230l	7744133	8465	0
ptg000231l	2380001	2700	0
ptg000232l	1197891	1352	0
ptg000233l	6535704	7442	0
ptg000234l	1561213	1465	0
ptg000235l	23160068	38318	0
ptg000236l	108371	113	0
ptg000237l	5193592	4960	0
ptg000238l	7273986	8081	0
ptg000239l	1067317	2512	0
ptg000240l	901690	1065	0
ptg000241l	732232	742	0
ptg000242l	2734439	2875	0
ptg000243l	8494426	10828	0
ptg000244l	38774473	43831	0
ptg000245l	5552385	13023	0
ptg000246l	1290499	1417	0
ptg000247l	9311954	9768	0
ptg000248l	6597550	7561	0
ptg000249l	832701	836	0
ptg000250l	6233973	7146	0
ptg000251l	4185174	4313	0
ptg000252l	6421041	23686	0
ptg000253l	2398426	2791	0
ptg000254c	38977	120	0
ptg000255l	699398	2647	0
ptg000256l	5999872	6933	0
ptg000257l	1743449	2227	0
ptg000258l	2141326	2312	0
ptg000259l	443257	404	0
ptg000260l	991225	1070	0
ptg000261l	3848850	4342	0
ptg000262l	3990636	4560	0
ptg000263l	232267	193	0
ptg000264l	1239740	2901	0
ptg000265l	2614937	2822	0
ptg000266l	1683751	1767	0
ptg000267l	2490084	2893	0
ptg000268l	161020	124	0
ptg000269l	2267517	2396	0
ptg000270l	17794733	20639	0
ptg000271l	23006246	28859	0
ptg000272l	1430820	2599	0
ptg000273l	335438	406	0
ptg000274l	39041742	44883	0
ptg000275l	2075335	7513	0
ptg000276l	490823	533	0
ptg000277l	3325910	3633	0
ptg000278l	1506239	1705	0
ptg000279l	4255905	4619	0
ptg000280l	9134101	32263	0
ptg000281l	1154555	5470	0
ptg000282l	29563754	33961	0
ptg000283l	14573161	16298	0
ptg000284l	3610914	7328	0
ptg000285l	45897645	52166	0
ptg000286l	9889960	11272	0
ptg000287l	3140490	6442	0
ptg000288l	2450752	2952	0
ptg000289l	1046022	2551	0
ptg000290l	1060366	901	0
ptg000291l	9502852	10205	0
ptg000292l	1664723	2027	0
ptg000293l	3890608	9603	0
ptg000294l	3999002	4766	0
ptg000295l	22735487	32072	0
ptg000296l	8720687	9428	0
ptg000297l	3050730	3368	0
ptg000298l	11214494	12575	0
ptg000299l	5607543	6501	0
ptg000300l	4393845	5066	0
ptg000301l	27121133	39707	0
ptg000302l	714011	734	0
ptg000303l	1077161	5753	0
ptg000304l	968806	1056	0
ptg000305l	4123808	15045	0
ptg000306l	1466468	3940	0
ptg000307l	19262840	22867	0
ptg000308l	6067325	6971	0
ptg000309l	339286	1379	0
ptg000310l	200726	1837	0
ptg000311l	7622696	8121	0
ptg000312l	6552322	7391	0
ptg000313l	2248688	2554	0
ptg000314l	3784381	4358	0
ptg000315l	7186061	11195	0
ptg000316l	2330353	12541	0
ptg000317l	15222545	17171	0
ptg000318l	1930517	2027	0
ptg000319l	2329280	2620	0
ptg000320l	11147628	12490	0
ptg000321l	7133941	12455	0
ptg000322l	10897050	13298	0
ptg000323l	12025143	13792	0
ptg000324l	450820	936	0
ptg000325l	3033847	3453	0
ptg000326l	3138644	3493	0
ptg000327l	4473328	4681	0
ptg000328l	10778363	12552	0
ptg000329l	5824807	5978	0
ptg000330l	2463421	2654	0
ptg000331l	1913119	1724	0
ptg000332l	1392589	5161	0
ptg000333l	4485135	4961	0
ptg000334l	1434356	1782	0
ptg000335l	14698601	16000	0
ptg000336l	7774212	8394	0
ptg000337l	915329	3291	0
ptg000338l	401559	450	0
ptg000339l	9318363	10093	0
ptg000340l	231943	388	0
ptg000341l	853727	649	0
ptg000342l	3619778	3961	0
ptg000343l	916841	1019	0
ptg000344l	27171659	30896	0
ptg000345l	4325146	5005	0
ptg000346l	1497684	2823	0
ptg000347l	1441940	4524	0
ptg000348l	4247488	4862	0
ptg000349l	5569106	22641	0
ptg000350l	4041464	4625	0
ptg000351l	4463670	4854	0
ptg000352l	2300646	13482	0
ptg000353l	72758	80	0
ptg000354l	1031249	1386	0
ptg000355l	5305197	5748	0
ptg000356l	8623957	14681	0
ptg000357l	783919	1230	0
ptg000358l	3154037	3654	0
ptg000359l	1852449	1735	0
ptg000360l	677619	656	0
ptg000361l	1915050	3602	0
ptg000362l	80310	422	0
ptg000363l	3323699	4397	0
ptg000364l	5941467	6159	0
ptg000365l	611261	549	0
ptg000366l	2535538	2844	0
ptg000367l	1482538	1390	0
ptg000368l	6102513	6634	0
ptg000369l	1682078	1935	0
ptg000370l	859635	935	0
ptg000371l	47440	413	0
ptg000372l	234411	161	0
ptg000373l	36757	25	0
ptg000374l	1609248	6571	0
ptg000375l	12671060	14510	0
ptg000376l	2409905	2692	0
ptg000377l	858968	2799	0
ptg000378l	7831175	9119	0
ptg000379l	1613016	6628	0
ptg000380l	6022861	6786	0
ptg000381l	86772	81	0
ptg000382l	224285	254	0
ptg000383l	607979	589	0
ptg000384l	1016258	857	0
ptg000385l	644925	786	0
ptg000386l	17556050	19962	0
ptg000387l	1184245	1070	0
ptg000388l	1356475	1467	0
ptg000389l	66323	74	0
ptg000390l	3284855	3466	0
ptg000391l	12124187	14414	0
ptg000392l	82191	431	0
ptg000393l	1715294	9856	0
ptg000394c	816837	1278	0
ptg000395l	865154	935	0
ptg000396l	932582	881	0
ptg000397l	1018931	978	0
ptg000398l	1756815	11960	0
ptg000399l	733709	3365	0
ptg000400l	614259	1991	0
ptg000401l	1616573	1819	0
ptg000402l	1897297	2183	0
ptg000403l	511832	458	0
ptg000404l	19409376	22306	0
ptg000405l	1192812	1337	0
ptg000406l	373335	514	0
ptg000407l	2274614	4048	0
ptg000408l	73811	134	0
ptg000409l	2767498	2786	0
ptg000410l	1281675	1175	0
ptg000411l	1503452	1767	0
ptg000412l	958665	834	0
ptg000413l	7218746	7778	0
ptg000414l	5483744	6238	0
ptg000415l	1920304	2155	0
ptg000416l	21998423	33891	0
ptg000417l	158815	171	0
ptg000418l	148253	196	0
ptg000419l	1622207	1635	0
ptg000420l	818217	682	0
ptg000421l	1377192	1922	0
ptg000422l	1696121	7076	0
ptg000423l	45066	265	0
ptg000424l	9309696	12256	0
ptg000425l	1499721	5470	0
ptg000426l	12478740	14128	0
ptg000427l	1012160	1012	0
ptg000428l	19187001	23908	0
ptg000429l	11656179	13385	0
ptg000430l	883355	1071	0
ptg000431l	279238	227	0
ptg000432l	293002	701	0
ptg000433l	345777	1276	0
ptg000434l	996977	1155	0
ptg000435l	879228	810	0
ptg000436l	520851	5329	0
ptg000437l	130136	170	0
ptg000438l	491447	428	0
ptg000439l	485514	575	0
ptg000440l	4291072	4359	0
ptg000441l	2596466	2809	0
ptg000442l	885852	1046	0
ptg000443l	492884	512	0
ptg000444l	8687459	9566	0
ptg000445l	10488281	12052	0
ptg000446l	540968	1218	0
ptg000447l	705217	2666	0
ptg000448l	7462451	8424	0
ptg000449l	515617	1152	0
ptg000450l	4111050	4537	0
ptg000451l	20655956	23081	0
ptg000452l	947163	1097	0
ptg000453l	1356367	1401	0
ptg000454l	3662995	5355	0
ptg000455l	137156	152	0
ptg000456l	7635319	6794	0
ptg000457l	470203	2043	0
ptg000458l	491525	437	0
ptg000459l	255314	187	0
ptg000460l	2040937	2263	0
ptg000461l	15666617	17724	0
ptg000462l	1366982	4652	0
ptg000463l	952153	4084	0
ptg000464l	1230220	7490	0
ptg000465l	1391569	1877	0
ptg000466l	823315	632	0
ptg000467l	157934	123	0
ptg000468l	307017	313	0
ptg000469l	860213	703	0
ptg000470l	14196551	21058	0
ptg000471l	4457703	5939	0
ptg000472l	317667	808	0
ptg000473l	2812195	3056	0
ptg000474l	1391176	1893	0
ptg000475l	442858	314	0
ptg000476l	3254149	3814	0
ptg000477l	2534553	2781	0
ptg000478l	285009	280	0
ptg000479l	470046	1458	0
ptg000480l	2582157	2901	0
ptg000481l	1436347	1462	0
ptg000482l	15651969	17835	0
ptg000483l	877129	1020	0
ptg000484l	3950763	4855	0
ptg000485l	767228	710	0
ptg000486l	525036	482	0
ptg000487l	2464794	2708	0
ptg000488l	1559172	1809	0
ptg000489l	1226587	5907	0
ptg000490l	2240613	3087	0
ptg000491l	815708	714	0
ptg000492l	646318	630	0
ptg000493l	3329449	13039	0
ptg000494l	2121492	2441	0
ptg000495l	171562	174	0
ptg000496l	1294280	2322	0
ptg000497l	44894	27	0
ptg000498l	933312	1280	0
ptg000499l	1603400	5198	0
ptg000500l	353201	1704	0
ptg000501l	1414259	1239	0
ptg000502l	384019	673	0
ptg000503l	333706	436	0
ptg000504l	3218786	4121	0
ptg000505l	2248730	2464	0
ptg000506l	7398788	11636	0
ptg000507l	1346461	1288	0
ptg000508l	1094461	1204	0
ptg000509l	3169779	3410	0
ptg000510l	312045	2307	0
ptg000511l	1112279	954	0
ptg000512l	1751410	1551	0
ptg000513l	12384839	13894	0
ptg000514l	10937278	12430	0
ptg000515l	3919889	4088	0
ptg000516l	150132	706	0
ptg000517l	196914	121	0
ptg000518l	76051	71	0
ptg000519l	121374	108	0
ptg000520l	931318	934	0
ptg000521l	84921	347	0
ptg000522l	647206	547	0
ptg000523l	10170032	11716	0
ptg000524l	883583	1007	0
ptg000525l	197163	881	0
ptg000526l	986814	3082	0
ptg000527l	123949	144	0
ptg000528l	4661625	5265	0
ptg000529l	311309	610	0
ptg000530l	293293	280	0
ptg000531l	99558	91	0
ptg000532l	879140	897	0
ptg000533l	162535	202	0
ptg000534l	156595	168	0
ptg000535l	89701	65	0
ptg000536l	549152	1368	0
ptg000537l	3678107	3942	0
ptg000538l	2069330	3110	0
ptg000539l	18862284	21813	0
ptg000540l	8919086	9053	0
ptg000541l	56983	41	0
ptg000542l	634486	522	0
ptg000543l	216096	350	0
ptg000544l	354627	257	0
ptg000545l	250537	280	0
ptg000546l	445481	608	0
ptg000547l	664490	1397	0
ptg000548l	1096629	3884	0
ptg000549l	588799	1550	0
ptg000550l	6669005	7708	0
ptg000551l	328974	394	0
ptg000552l	308465	379	0
ptg000553l	1368241	1468	0
ptg000554l	52899	44	0
ptg000555l	54709	61	0
ptg000556l	1369839	4010	0
ptg000557l	18488086	21094	0
ptg000558l	1280822	1225	0
ptg000559l	58149	60	0
ptg000560l	4088949	4024	0
ptg000561l	352131	1036	0
ptg000562l	5334437	9279	0
ptg000563l	817946	4092	0
ptg000564l	4785244	4701	0
ptg000565l	277447	259	0
ptg000566l	665228	2511	0
ptg000567l	165086	182	0
ptg000568l	1371296	1337	0
ptg000569l	700067	1975	0
ptg000570l	1544388	1735	0
ptg000571l	53662	132	0
ptg000572l	213479	707	0
ptg000573l	655375	2575	0
ptg000574l	1338904	1232	0
ptg000575l	243087	1263	0
ptg000576l	112992	242	0
ptg000577l	328003	2056	0
ptg000578l	1563638	1668	0
ptg000579l	168190	210	0
ptg000580l	4072067	4305	0
ptg000581l	1602839	5004	0
ptg000582l	395044	292	0
ptg000583l	4706922	4885	0
ptg000584l	28208	16	0
ptg000585l	296105	231	0
ptg000586l	1079771	2985	0
ptg000587l	1218645	1493	0
ptg000588l	4831470	5197	0
ptg000589l	1173093	1420	0
ptg000590l	1707586	1835	0
ptg000591l	806677	811	0
ptg000592l	1572214	1308	0
ptg000593l	3373296	3100	0
ptg000594l	2405482	3568	0
ptg000595l	28982043	32241	0
ptg000596l	378024	1594	0
ptg000597l	1399842	5449	0
ptg000598l	56755	66	0
ptg000599l	606242	599	0
ptg000600l	1889417	1803	0
ptg000601l	2255549	2145	0
ptg000602l	150954	934	0
ptg000603l	449090	469	0
ptg000604c	42457	999	0
ptg000605l	2603639	2355	0
ptg000606l	10675952	12010	0
ptg000607l	694238	860	0
ptg000608l	1557095	1344	0
ptg000609l	2017956	1766	0
ptg000610l	984703	1250	0
ptg000611l	137055	496	0
ptg000612l	2577703	2652	0
ptg000613l	11181759	12360	0
ptg000614l	118901	100	0
ptg000615l	13676267	14569	0
ptg000616l	150940	104	0
ptg000617l	635567	563	0
ptg000618l	871104	666	0
ptg000619l	134881	276	0
ptg000620l	797729	917	0
ptg000621l	879066	3362	0
ptg000622l	851067	3163	0
ptg000623l	405880	2701	0
ptg000624l	1186704	1346	0
ptg000625l	57740	44	0
ptg000626l	277589	199	0
ptg000627l	1137523	1077	0
ptg000628l	918599	3127	0
ptg000629l	1791378	1714	0
ptg000630l	351950	516	0
ptg000631l	302232	5636	0
ptg000632l	425402	3117	0
ptg000633l	766965	537	0
ptg000634l	4024719	4541	0
ptg000635l	744909	1950	0
ptg000636l	618005	600	0
ptg000637l	218278	753	0
ptg000638l	699059	587	0
ptg000639l	218547	153	0
ptg000640l	856564	4466	0
ptg000641l	473079	1286	0
ptg000642l	430525	362	0
ptg000643c	127193	414	0
ptg000644l	722505	662	0
ptg000645l	3982064	4009	0
ptg000646c	149728	513	0
ptg000647l	291614	1057	0
ptg000648l	368152	663	0
ptg000649l	84343	97	0
ptg000650l	2642351	3137	0
ptg000651l	227771	245	0
ptg000652l	116910	216	0
ptg000653l	46593	37	0
ptg000654l	111896	312	0
ptg000655l	515287	2674	0
ptg000656l	4420981	5105	0
ptg000657l	309074	268	0
ptg000658l	253708	178	0
ptg000659l	75348	809	0
ptg000660l	193262	761	0
ptg000661l	143406	129	0
ptg000662l	1419161	4260	0
ptg000663l	993118	872	0
ptg000664l	790792	523	0
ptg000665l	55617	39	0
ptg000666l	179925	215	0
ptg000667l	38754	419	0
ptg000668l	48495	57	0
ptg000669l	2255524	2635	0
ptg000670l	1014053	3979	0
ptg000671l	289423	1235	0
ptg000672l	524740	1409	0
ptg000673l	41591	207	0
ptg000674l	362483	370	0
ptg000675l	451188	429	0
ptg000676l	835679	754	0
ptg000677c	584962	1469	0
ptg000678l	132934	95	0
ptg000679l	735421	767	0
ptg000680l	393364	309	0
ptg000681l	59954	284	0
ptg000682l	138818	129	0
ptg000683l	178349	185	0
ptg000684l	706203	702	0
ptg000685l	44151	47	0
ptg000686l	384814	848	0
ptg000687l	299156	802	0
ptg000688l	325798	235	0
ptg000689l	98440	104	0
ptg000690l	252883	348	0
ptg000691l	435188	601	0
ptg000692l	329307	363	0
ptg000693l	207656	192	0
ptg000694l	1200402	853	0
ptg000695l	107749	109	0
ptg000696l	204956	222	0
ptg000697l	1478166	2741	0
ptg000698l	265607	561	0
ptg000699l	548139	506	0
ptg000700l	171670	96	0
ptg000701l	182816	200	0
ptg000702l	84480	80	0
ptg000703l	766442	784	0
ptg000704l	212468	264	0
ptg000705l	333969	282	0
ptg000706l	86429	235	0
ptg000707c	41052	189	0
ptg000708l	215322	385	0
ptg000709l	411267	734	0
ptg000710l	67249	960	0
ptg000711l	505981	1157	0
ptg000712l	132533	149	0
ptg000713l	102581	120	0
ptg000714l	428046	2315	0
ptg000715l	130805	2487	0
ptg000716l	596401	3924	0
ptg000717l	139944	603	0
ptg000718l	66630	62	0
ptg000719l	551032	702	0
ptg000720l	5401658	6053	0
ptg000721l	120826	125	0
ptg000722l	248706	253	0
ptg000723l	127927	149	0
ptg000724l	316355	460	0
ptg000725l	642630	1109	0
ptg000726c	125064	4492	0
ptg000727l	844095	2554	0
ptg000728l	193477	170	0
ptg000729c	41544	1173	0
ptg000730l	288810	220	0
ptg000731l	181104	856	0
ptg000732c	41692	440	0
ptg000733l	94847	89	0
ptg000734l	317167	346	0
ptg000735l	119537	108	0
ptg000736l	1372354	2587	0
ptg000737l	634100	663	0
ptg000738l	121528	427	0
ptg000739l	102301	100	0
ptg000740l	166575	187	0
ptg000741l	558516	695	0
ptg000742l	183056	145	0
ptg000743l	6931978	7446	0
ptg000744l	268649	292	0
ptg000745l	34567	15	0
ptg000746l	116105	1324	0
ptg000747l	90847	210	0
ptg000748l	72886	80	0
ptg000749l	303161	210	0
ptg000750l	67562	72	0
ptg000751l	88742	296	0
ptg000752l	20660	14	0
ptg000753l	257311	312	0
ptg000754l	125532	126	0
ptg000755l	489861	1490	0
ptg000756l	125341	196	0
ptg000757l	77234	51	0
ptg000758l	148914	763	0
ptg000759l	271854	192	0
ptg000760l	185210	126	0
ptg000761l	80625	75	0
ptg000762l	307124	261	0
ptg000763l	57205	47	0
ptg000764l	158668	220	0
ptg000765l	30964	15	0
ptg000766l	276802	232	0
ptg000767l	86775	41	0
ptg000768l	596764	3123	0
ptg000769c	563849	1136	0
ptg000770l	21821	11	0
ptg000771l	112835	117	0
ptg000772l	3746234	3746	0
ptg000773l	141287	173	0
ptg000774l	456591	579	0
ptg000775l	158376	733	0
ptg000776l	282527	294	0
ptg000777l	455996	1370	0
ptg000778l	56490	59	0
ptg000779l	38643	42	0
ptg000780l	420846	426	0
ptg000781l	728754	1426	0
ptg000782l	51760	285	0
ptg000783l	69686	213	0
ptg000784l	2120637	2836	0
ptg000785c	73478	334	0
ptg000786l	33787961	39312	0
ptg000787l	91495	90	0
ptg000788l	39564	28	0
ptg000789l	37075	45	0
ptg000790l	458772	806	0
ptg000791l	42077	24	0
ptg000792l	75488	75	0
ptg000793l	482146	496	0
ptg000794l	346507	223	0
ptg000795l	156083	96	0
ptg000796l	394546	427	0
ptg000797l	88975	219	0
ptg000798c	116480	279	0
ptg000799l	52190	36	0
ptg000800l	503292	2098	0
ptg000801l	499503	393	0
ptg000802l	8095704	8804	0
ptg000803l	37109	38	0
ptg000804l	52383	184	0
ptg000805l	312857	370	0
ptg000806l	111775	123	0
ptg000807l	53496	109	0
ptg000808l	132647	346	0
ptg000809l	627490	779	0
ptg000810l	413451	1680	0
ptg000811c	62963	350	0
ptg000812l	3693639	4317	0
ptg000813l	196868	155	0
ptg000814l	1052894	919	0
ptg000815l	64373	81	0
ptg000816l	653166	433	0
ptg000817l	310517	241	0
ptg000818l	188390	217	0
ptg000819l	389681	334	0
ptg000820l	313200	727	0
ptg000821l	43344	43	0
ptg000822l	50029	48	0
ptg000823l	362883	290	0
ptg000824l	631830	591	0
ptg000825l	35745	28	0
ptg000826l	44034	29	0
ptg000827l	142540	103	0
ptg000828l	244615	289	0
ptg000829l	207165	242	0
ptg000830l	136066	157	0
ptg000831l	154275	811	0
ptg000832l	42135	34	0
ptg000833l	83286	325	0
ptg000834l	862255	719	0
ptg000835l	85169	113	0
ptg000836l	72099	65	0
ptg000837l	398569	1132	0
ptg000838l	86920	105	0
ptg000839l	35458	45	0
ptg000840l	68347	103	0
ptg000841l	85962	164	0
ptg000842l	623513	2724	0
ptg000843l	97912	69	0
ptg000844c	205523	429	0
ptg000845l	72772	70	0
ptg000846l	3395602	3767	0
ptg000847l	260384	308	0
ptg000848l	88389	89	0
ptg000849l	39416	34	0
ptg000850c	41022	1117	0
ptg000851l	114375	147	0
ptg000852l	64469	107	0
ptg000853l	108670	124	0
ptg000854l	69636	53	0
ptg000855l	44090	42	0
ptg000856l	110972	111	0
ptg000857l	39427	35	0
ptg000858c	212632	1325	0
ptg000859l	141384	98	0
ptg000860l	81842	624	0
ptg000861l	147374	471	0
ptg000862l	275845	328	0
ptg000863l	77798	354	0
ptg000864l	516636	1204	0
ptg000865l	78493	102	0
ptg000866l	137431	147	0
ptg000867l	51409	47	0
ptg000868l	122757	135	0
ptg000869l	116324	233	0
ptg000870l	332530	307	0
ptg000871l	154317	199	0
ptg000872c	116808	529	0
ptg000873l	25822	140	0
ptg000874l	487760	495	0
ptg000875l	150786	155	0
ptg000876l	38105	26	0
ptg000877l	93400	65	0
ptg000878l	82197	88	0
ptg000879l	32993	23	0
ptg000880l	98701	71	0
ptg000881l	69448	83	0
ptg000882l	149007	112	0
ptg000883l	116923	128	0
ptg000884l	86324	76	0
ptg000885l	42923	28	0
ptg000886l	46861	147	0
ptg000887l	37651	30	0
ptg000888l	578992	563	0
ptg000889l	99375	89	0
ptg000890l	69333	45	0
ptg000891l	171720	328	0
ptg000892l	280563	1051	0
ptg000893l	134028	149	0
ptg000894l	706312	731	0
ptg000895l	39296	68	0
ptg000896c	34525	44	0
ptg000897l	46610	34	0
ptg000898l	151627	99	0
ptg000899l	71317	670	0
ptg000900l	83488	94	0
ptg000901l	204109	271	0
ptg000902l	71488	72	0
ptg000903l	32750	411	0
ptg000904c	50603	302	0
ptg000905l	210670	207	0
ptg000906l	49914	39	0
ptg000907l	132837	87	0
ptg000908l	170916	464	0
ptg000909l	65464	66	0
ptg000910l	267532	212	0
ptg000911l	169104	159	0
ptg000912l	268688	297	0
ptg000913l	157881	171	0
ptg000914l	45123	47	0
ptg000915l	231053	308	0
ptg000916l	162678	211	0
ptg000917c	41317	380	0
ptg000918c	53304	262	0
ptg000919l	18134	10	0
ptg000920l	69252	59	0
ptg000921l	70673	275	0
ptg000922l	91921	135	0
ptg000923l	38208	21	0
ptg000924l	32538	23	0
ptg000925l	183772	594	0
ptg000926l	84569	264	0
ptg000927l	71582	59	0
ptg000928l	60452	44	0
ptg000929l	51322	50	0
ptg000930l	70367	69	0
ptg000931l	62846	67	0
ptg000932c	67567	181	0
ptg000933l	57565	58	0
ptg000934c	48664	146	0
ptg000935l	178226	211	0
ptg000936l	51191	31	0
ptg000937l	285822	929	0
ptg000938l	81858	98	0
ptg000939l	57674	33	0
ptg000940l	208713	159	0
ptg000941l	118287	71	0
ptg000942l	149174	94	0
ptg000943l	103955	76	0
ptg000944l	118337	139	0
ptg000945l	65823	207	0
ptg000946l	95181	226	0
ptg000947l	249456	206	0
ptg000948l	88104	112	0
ptg000949l	95717	160	0
ptg000950l	28971	26	0
ptg000951l	111110	118	0
ptg000952l	130468	116	0
ptg000953l	52663	54	0
ptg000954c	109773	613	0
ptg000955l	55478	36	0
ptg000956l	41245	72	0
ptg000957l	31157	901	0
ptg000958l	132178	95	0
ptg000959l	36392	105	0
ptg000960l	131859	135	0
ptg000961l	339078	307	0
ptg000962l	72665	164	0
ptg000963l	42210	71	0
ptg000964l	42692	26	0
ptg000965l	135306	106	0
ptg000966l	30103	25	0
ptg000967l	44444	173	0
ptg000968l	90466	49	0
ptg000969l	51666	111	0
ptg000970l	143023	165	0
ptg000971l	80902	149	0
ptg000972l	105042	4364	0
ptg000973l	62025	66	0
ptg000974l	90685	94	0
ptg000975l	259844	308	0
ptg000976l	28863	11	0
ptg000977l	62255	63	0
ptg000978c	41275	617	0
ptg000979l	138839	89	0
ptg000980l	74629	55	0
ptg000981l	58989	68	0
ptg000982l	30935	12	0
ptg000983l	63957	57	0
ptg000984l	48018	35	0
ptg000985c	110581	153	0
ptg000986l	46862	91	0
ptg000987l	98749	150	0
ptg000988l	155442	158	0
ptg000989l	24224	15	0
ptg000990l	190930	1720	0
ptg000991l	97293	575	0
ptg000992l	39194	214	0
ptg000993l	92283	67	0
ptg000994c	74990	1280	0
ptg000995c	41481	398	0
ptg000996l	161588	1341	0
ptg000997l	40564	38	0
ptg000998l	49557	45	0
ptg000999l	42005	40	0
ptg001000l	22297	103	0
ptg001001l	49081	51	0
ptg001002l	48359	45	0
ptg001003l	56794	37	0
ptg001004l	26050	11	0
ptg001005l	44867	182	0
ptg001006l	68222	70	0
ptg001007l	64938	28	0
ptg001008l	35613	32	0
ptg001009l	44580	170	0
ptg001010l	50412	45	0
ptg001011l	73638	67	0
ptg001012l	145974	139	0
ptg001013l	162850	1467	0
ptg001014l	117103	242	0
ptg001015l	52400	37	0
ptg001016l	32902	61	0
ptg001017l	60106	249	0
ptg001018l	156802	815	0
ptg001019l	28975	18	0
ptg001020l	24859	27	0
ptg001021l	47024	37	0
ptg001022l	57456	48	0
ptg001023l	76543	390	0
ptg001024l	68099	57	0
ptg001025l	27019	50	0
ptg001026l	43437	40	0
ptg001027l	36727	174	0
ptg001028l	52986	50	0
ptg001029l	79833	99	0
ptg001030l	34495	26	0
ptg001031c	82984	3727	0
ptg001032l	22901	15	0
ptg001033l	43194	31	0
ptg001034l	84867	209	0
ptg001035l	106290	653	0
ptg001036l	53377	53	0
ptg001037l	29338	18	0
ptg001038l	24240	22	0
ptg001039l	90471	89	0
ptg001040l	54422	467	0
ptg001041l	44433	34	0
ptg001042l	32552	28	0
ptg001043c	41634	769	0
ptg001044l	88110	101	0
ptg001045l	88963	82	0
ptg001046l	36980	28	0
ptg001047l	38650	20	0
ptg001048l	62879	56	0
ptg001049l	38487	24	0
ptg001050c	83283	3607	0
ptg001051l	43135	47	0
ptg001052l	52133	105	0
ptg001053l	42879	29	0
ptg001054l	43342	34	0
ptg001055l	33064	8	0
ptg001056l	107056	759	0
ptg001057l	96694	106	0
ptg001058l	48048	28	0
ptg001059l	38851	29	0
ptg001060l	38875	22	0
ptg001061l	37103	21	0
ptg001062l	47988	43	0
ptg001063l	54282	68	0
ptg001064l	31994	25	0
ptg001065l	53242	57	0
ptg001066l	71574	71	0
ptg001067l	25552	28	0
ptg001068l	86945	102	0
ptg001069l	30001	18	0
ptg001070l	36596	24	0
ptg001071l	31690	20	0
ptg001072l	32008	68	0
ptg001073l	47023	44	0
ptg001074l	44955	229	0
ptg001075l	82816	122	0
ptg001076l	54311	37	0
ptg001077l	45263	29	0
ptg001078l	40972	65	0
ptg001079l	25929	21	0
ptg001080l	20973	13	0
ptg001081l	25445	11	0
ptg001082l	36596	18	0
ptg001083l	33660	27	0
ptg001084l	36819	24	0
ptg001085l	30680	27	0
ptg001086l	28972	17	0
ptg001087l	28669	128	0
ptg001088l	49004	59	0
ptg001089l	38250	22	0
ptg001090l	29226	18	0
ptg001091c	20567	71	0
ptg001092l	44700	123	0
ptg001093l	59609	38	0
ptg001094l	196287	869	0
ptg001095l	46396	53	0
ptg001096l	25184	12	0
ptg001097l	42152	118	0
ptg001098l	30056	22	0
ptg001099l	39199	38	0
ptg001100l	33864	175	0
ptg001101l	28668	64	0
ptg001102l	49559	90	0
ptg001103l	30347	24	0
ptg001104l	33594	16	0
ptg001105l	28093	96	0
ptg001106l	31382	208	0
ptg001107l	22681	79	0
ptg001108l	31883	208	0
ptg001109l	41123	136	0
ptg001110l	17220	35	0
ptg001111l	35496	125	0
ptg001112l	44740	200	0
ptg001113l	32182	81	0
ptg001114l	29289	75	0
ptg001115l	32715	84	0
ptg001116l	23980	128	0
ptg001117l	32787	44	0
ptg001118l	37912	241	0
ptg001119l	15063	53	0
ptg001120l	16737	56	0
ptg001121l	18495	54	0
ptg001122l	26596	65	0
ptg001123l	32475	1255	0
ptg001124l	29876	1096	0
ptg001125l	27978	111	0
ptg001126l	44607	114	0
ptg001127l	33855	40	0
ptg001128l	26180	129	0
ptg001129l	32891	151	0
ptg001130l	24476	69	0
ptg001131l	40509	291	0
ptg001132l	24665	408	0
ptg001133l	15881	26	0
ptg001134l	36352	781	0
ptg001135l	40229	46	0
ptg001136l	32100	74	0
ptg001137l	25225	52	0
ptg001138l	36652	36	0
ptg001139l	29799	787	0
ptg001140l	22826	398	0
ptg001141l	24614	113	0
ptg001142l	22350	44	0
ptg001143l	23296	543	0
ptg001144l	23149	68	0
ptg001145l	27451	65	0
ptg001146l	22593	398	0
ptg001147l	21550	607	0
ptg001148l	38166	136	0
ptg001149l	32082	163	0
ptg001150l	33863	169	0
ptg001151l	35540	109	0
ptg001152l	18938	48	0
ptg001153l	24792	671	0
ptg001154l	16468	13	0
ptg001155l	22640	247	0
ptg001156l	29464	238	0
ptg001157l	35090	34	0
ptg001158l	22797	237	0
ptg001159l	30417	60	0
ptg001160l	15835	66	0
ptg001161l	29013	408	0
ptg001162l	22075	98	0
ptg001163l	27932	80	0
ptg001164l	32315	437	0
ptg001165l	22200	59	0
ptg001166l	23571	117	0
ptg001167l	22054	36	0
ptg001168l	24721	622	0
ptg001169l	20272	182	0
ptg001170l	20673	357	0
ptg001171l	24563	280	0
ptg001172l	27863	24	0
ptg001173l	24989	324	0
ptg001174l	15917	23	0
ptg001175l	19472	26	0
ptg001176l	24698	56	0
ptg001177l	23399	135	0
ptg001178l	18798	35	0
ptg001179l	17317	19	0
*	0	0	219
