contig	startpos	endpos	numreads	covbases	coverage	meandepth	meanbaseq	meanmapq	length_bp
ptg001179l	1	17317	1	17314	99.9827	0.999827	91.4	11.0	17317
ptg001091c	1	20567	3	16663	81.0181	1.38956	78.9	13.0	20567
ptg000770l	1	21821	3	18458	84.5882	1.5782	64.4	28.7	21821
ptg001133l	1	15881	2	15853	99.8237	1.67653	61.3	4.0	15881
ptg001055l	1	33064	6	33064	100.0	2.3603	85.3	60.0	33064
ptg001081l	1	25445	5	25442	99.9882	2.61277	69.4	35.0	25445
ptg001154l	1	16468	3	16468	100.0	2.78522	79.7	1.0	16468
ptg000765l	1	30964	6	30964	100.0	3.10577	80.3	52.7	30964
ptg001097l	1	42152	9	42151	99.9976	3.12581	68.8	24.6	42152
ptg001032l	1	22901	6	22901	100.0	3.23623	83.4	57.5	22901
ptg001089l	1	38250	9	38245	99.9869	3.39163	80.2	56.7	38250
ptg000854l	1	69636	15	69633	99.9957	3.39198	77.6	39.3	69636
ptg001121l	1	18495	5	18486	99.9513	3.41281	63.5	13.8	18495
ptg001004l	1	26050	7	26049	99.9962	3.43512	76.2	58.0	26050
ptg001130l	1	24476	6	24466	99.9591	3.47773	77.4	22.0	24476
ptg001060l	1	38875	9	38867	99.9794	3.49199	75.2	56.8	38875
ptg000959l	1	36392	8	36392	100.0	3.4981	79.1	14.1	36392
ptg001041l	1	44433	10	44430	99.9932	3.60241	78.1	60.0	44433
ptg000707c	1	41052	9	31629	77.0462	3.60655	74.2	8.44	41052
ptg001019l	1	28975	8	28973	99.9931	3.66678	84.3	52.4	28975
ptg001061l	1	37103	8	37098	99.9865	3.71954	79.1	60.0	37103
ptg000826l	1	44034	12	44034	100.0	3.78887	79.2	60.0	44034
ptg000876l	1	38105	10	38105	100.0	3.91896	88.3	59.6	38105
ptg001082l	1	36596	10	36594	99.9945	3.91961	82.9	60.0	36596
ptg000950l	1	28971	8	28971	100.0	4.03659	77.3	59.6	28971
ptg000825l	1	35745	9	35706	99.8909	4.04398	81.4	33.1	35745
ptg001076l	1	54311	16	54310	99.9982	4.28294	81.0	47.0	54311
ptg000919l	1	18134	6	18134	100.0	4.31427	84.5	51.2	18134
ptg001069l	1	30001	9	30001	100.0	4.31656	84.3	39.9	30001
ptg001077l	1	45263	13	45263	100.0	4.31944	79.2	50.9	45263
ptg000923l	1	38208	13	38208	100.0	4.35657	73.4	60.0	38208
ptg000497l	1	44894	15	44879	99.9666	4.42335	82.4	56.7	44894
ptg001015l	1	52400	16	52395	99.9905	4.4267	85.7	60.0	52400
ptg001084l	1	36819	11	36818	99.9973	4.46617	84.8	44.4	36819
ptg001086l	1	28972	11	28972	100.0	4.48005	81.7	53.5	28972
ptg001054l	1	43342	14	43340	99.9954	4.48879	83.5	51.4	43342
ptg001053l	1	42879	12	42876	99.993	4.50988	78.2	60.0	42879
ptg000928l	1	60452	19	60452	100.0	4.51879	77.7	59.8	60452
ptg001058l	1	48048	15	48046	99.9958	4.56185	78.9	60.0	48048
ptg001047l	1	38650	12	38625	99.9353	4.62264	75.4	60.0	38650
ptg000752l	1	20660	7	20660	100.0	4.63645	80.9	57.0	20660
ptg001080l	1	20973	7	20973	100.0	4.63987	75.0	60.0	20973
ptg001059l	1	38851	12	38850	99.9974	4.6718	85.1	56.8	38851
ptg001049l	1	38487	12	38487	100.0	4.72445	77.7	60.0	38487
ptg001064l	1	31994	10	31994	100.0	4.72585	78.5	60.0	31994
ptg001070l	1	36596	11	36587	99.9754	4.76292	62.8	59.6	36596
ptg000849l	1	39416	13	39416	100.0	4.80569	77.9	58.3	39416
ptg001052l	1	52133	16	52128	99.9904	4.82779	74.5	0.75	52133
ptg001033l	1	43194	14	43193	99.9977	4.82921	82.0	55.7	43194
ptg001008l	1	35613	12	35613	100.0	4.83503	83.7	55.8	35613
ptg000791l	1	42077	15	42077	100.0	4.91249	80.5	60.0	42077
ptg000964l	1	42692	15	42686	99.9859	4.91909	87.2	60.0	42692
ptg000541l	1	56983	18	56982	99.9982	4.98149	76.4	41.2	56983
ptg000879l	1	32993	11	32974	99.9424	5.03504	72.3	48.9	32993
ptg000584l	1	28208	9	28207	99.9965	5.03928	68.5	53.0	28208
ptg000873l	1	25822	9	25822	100.0	5.07951	69.0	37.2	25822
ptg001026l	1	43437	14	43429	99.9816	5.08852	82.9	7.0	43437
ptg000976l	1	28863	10	28861	99.9931	5.11943	79.1	59.2	28863
ptg000373l	1	36757	14	36755	99.9946	5.25514	75.1	46.3	36757
ptg001001l	1	49081	24	49081	100.0	5.28388	81.0	45.7	49081
ptg000554l	1	52899	18	52898	99.9981	5.29008	84.1	35.9	52899
ptg000955l	1	55478	19	55477	99.9982	5.3353	75.6	59.9	55478
ptg000982l	1	30935	12	30935	100.0	5.3625	76.3	60.0	30935
ptg000989l	1	24224	8	24224	100.0	5.39415	64.5	38.1	24224
ptg000653l	1	46593	16	46582	99.9764	5.42476	76.3	57.6	46593
ptg000887l	1	37651	12	37651	100.0	5.43688	80.9	34.1	37651
ptg001096l	1	25184	12	25184	100.0	5.48042	79.0	60.0	25184
ptg000788l	1	39564	15	39564	100.0	5.49992	80.3	18.9	39564
ptg000869l	1	116324	41	115143	98.9847	5.5317	76.3	48.3	116324
ptg001036l	1	53377	19	53377	100.0	5.57223	82.5	12.6	53377
ptg001071l	1	31690	12	31689	99.9968	5.61578	80.1	60.0	31690
ptg000747l	1	90847	30	90847	100.0	5.63739	74.1	25.9	90847
ptg000535l	1	89701	33	89701	100.0	5.64217	75.9	49.1	89701
ptg000665l	1	55617	21	55617	100.0	5.64363	79.9	36.3	55617
ptg001020l	1	24859	12	24859	100.0	5.75329	66.1	17.2	24859
ptg000845l	1	72772	28	72767	99.9931	5.7814	78.2	54.1	72772
ptg000897l	1	46610	18	46610	100.0	5.80888	77.5	54.8	46610
ptg000763l	1	57205	22	57204	99.9983	5.81463	80.5	59.9	57205
ptg001110l	1	17220	8	17220	100.0	5.84245	73.6	35.6	17220
ptg000931l	1	62846	23	62846	100.0	5.8661	83.3	59.4	62846
ptg000706l	1	86429	35	86429	100.0	5.8706	77.6	14.2	86429
ptg000667l	1	38754	16	38754	100.0	5.88187	81.0	56.5	38754
ptg000852l	1	64469	25	64465	99.9938	5.90287	77.8	53.5	64469
ptg001038l	1	24240	10	24240	100.0	5.93771	85.0	54.1	24240
ptg001042l	1	32552	15	32552	100.0	5.93988	84.2	33.6	32552
ptg000920l	1	69252	27	69252	100.0	6.00588	78.6	53.4	69252
ptg001022l	1	57456	21	57456	100.0	6.00674	81.5	56.0	57456
ptg001099l	1	39199	16	39199	100.0	6.08743	85.2	58.2	39199
ptg000832l	1	42135	16	42135	100.0	6.10108	77.7	60.0	42135
ptg000625l	1	57740	22	57739	99.9983	6.10528	82.7	59.6	57740
ptg000930l	1	70367	29	70367	100.0	6.14942	78.5	60.0	70367
ptg000789l	1	37075	15	37067	99.9784	6.15792	75.2	0.933	37075
ptg001142l	1	22350	8	22348	99.9911	6.16711	79.5	15.6	22350
ptg000980l	1	74629	33	74628	99.9987	6.20822	79.3	55.3	74629
ptg000782l	1	51760	23	47921	92.5831	6.25404	71.2	4.35	51760
ptg001145l	1	27451	12	27446	99.9818	6.27052	82.4	4.5	27451
ptg000821l	1	43344	19	43344	100.0	6.28461	76.0	24.9	43344
ptg001075l	1	82816	37	82816	100.0	6.29416	75.8	27.2	82816
ptg000880l	1	98701	39	98701	100.0	6.30986	80.8	59.2	98701
ptg000952l	1	130468	55	130468	100.0	6.34382	77.4	29.9	130468
ptg000927l	1	71582	29	71577	99.993	6.35088	75.7	40.1	71582
ptg000822l	1	50029	21	50029	100.0	6.36107	74.4	60.0	50029
ptg000718l	1	66630	27	66629	99.9985	6.37027	79.5	59.5	66630
ptg000890l	1	69333	27	69328	99.9928	6.37183	77.6	55.9	69333
ptg000408l	1	73811	32	73811	100.0	6.38754	75.9	26.8	73811
ptg001003l	1	56794	23	56794	100.0	6.38851	78.3	58.1	56794
ptg001103l	1	30347	14	30347	100.0	6.43543	76.4	42.6	30347
ptg000949l	1	95717	41	95716	99.999	6.44071	77.1	27.2	95717
ptg001045l	1	88963	36	88963	100.0	6.45683	80.0	47.2	88963
ptg001073l	1	47023	19	47014	99.9809	6.47613	81.1	57.1	47023
ptg001037l	1	29338	12	29309	99.9012	6.57185	88.0	60.0	29338
ptg001172l	1	27863	11	27863	100.0	6.60116	75.1	1.0	27863
ptg000750l	1	67562	28	67560	99.997	6.60885	80.4	59.9	67562
ptg000867l	1	51409	22	51409	100.0	6.62975	79.7	60.0	51409
ptg000362l	1	80310	38	80302	99.99	6.67903	77.0	8.47	80310
ptg000902l	1	71488	30	71488	100.0	6.69921	81.2	59.8	71488
ptg000495l	1	171562	70	171562	100.0	6.7178	76.9	57.4	171562
ptg001007l	1	64938	28	64938	100.0	6.72771	74.2	60.0	64938
ptg000977l	1	62255	26	62253	99.9968	6.7358	76.7	52.2	62255
ptg000889l	1	99375	47	99375	100.0	6.74901	75.6	58.6	99375
ptg000531l	1	99558	44	99558	100.0	6.7844	81.0	57.5	99558
ptg001012l	1	145974	70	145970	99.9973	6.85035	80.8	57.0	145974
ptg001030l	1	34495	15	34481	99.9594	6.86413	77.0	29.1	34495
ptg001002l	1	48359	22	48356	99.9938	6.9372	77.6	59.8	48359
ptg000767l	1	86775	41	86775	100.0	6.96703	77.5	60.0	86775
ptg000598l	1	56755	25	56754	99.9982	6.96788	76.3	59.2	56755
ptg001079l	1	25929	13	25920	99.9653	6.98565	79.5	23.8	25929
ptg000999l	1	42005	20	42004	99.9976	6.99372	77.4	56.5	42005
ptg001085l	1	30680	15	30680	100.0	7.01441	73.5	8.67	30680
ptg001023l	1	76543	35	76539	99.9948	7.01487	77.5	0.857	76543
ptg000997l	1	40564	19	40564	100.0	7.02093	81.6	59.2	40564
ptg000799l	1	52190	25	52190	100.0	7.02221	78.8	60.0	52190
ptg000986l	1	46862	21	46859	99.9936	7.03647	74.2	10.2	46862
ptg001066l	1	71574	32	71574	100.0	7.03764	78.0	54.5	71574
ptg000968l	1	90466	49	90463	99.9967	7.067	75.7	60.0	90466
ptg000924l	1	32538	14	32536	99.9939	7.08442	70.7	33.0	32538
ptg000761l	1	80625	38	80625	100.0	7.09104	79.4	46.8	80625
ptg000934c	1	48664	24	46925	96.4265	7.10427	84.1	13.0	48664
ptg000616l	1	150940	75	150937	99.998	7.11816	78.1	58.8	150940
ptg000649l	1	84343	38	84343	100.0	7.12998	80.0	58.3	84343
ptg001163l	1	27932	12	27927	99.9821	7.13143	78.1	0.917	27932
ptg001090l	1	29226	15	29226	100.0	7.13341	72.8	59.9	29226
ptg000855l	1	44090	19	44090	100.0	7.14178	82.9	59.5	44090
ptg001021l	1	47024	20	47024	100.0	7.16277	77.0	60.0	47024
ptg001098l	1	30056	14	30056	100.0	7.17471	74.3	58.0	30056
ptg000745l	1	34567	15	34567	100.0	7.19088	75.5	60.0	34567
ptg000787l	1	91495	42	91491	99.9956	7.1937	77.7	59.0	91495
ptg001024l	1	68099	33	68099	100.0	7.21554	83.4	59.1	68099
ptg000951l	1	111110	53	111110	100.0	7.23266	79.3	57.3	111110
ptg000779l	1	38643	19	38643	100.0	7.24263	76.1	58.9	38643
ptg000722l	1	248706	119	248694	99.9952	7.26669	80.6	58.3	248706
ptg001104l	1	33594	16	33594	100.0	7.28681	73.5	60.0	33594
ptg001068l	1	86945	41	86934	99.9873	7.29764	76.8	58.9	86945
ptg000856l	1	110972	53	110972	100.0	7.32521	75.8	35.3	110972
ptg000696l	1	204956	96	204953	99.9985	7.32555	79.8	59.4	204956
ptg000803l	1	37109	18	37109	100.0	7.33291	76.0	3.72	37109
ptg000911l	1	169104	78	169104	100.0	7.35747	79.6	57.2	169104
ptg001010l	1	50412	24	50411	99.998	7.35948	79.7	57.6	50412
ptg000942l	1	149174	73	149150	99.9839	7.3624	77.4	56.3	149174
ptg001057l	1	96694	47	96694	100.0	7.36365	78.2	59.4	96694
ptg001051l	1	43135	21	43134	99.9977	7.37195	71.3	35.8	43135
ptg001083l	1	33660	17	33659	99.997	7.41087	68.7	53.3	33660
ptg000862l	1	275845	134	275842	99.9989	7.4565	79.2	25.2	275845
ptg000853l	1	108670	53	108670	100.0	7.4569	79.4	56.9	108670
ptg000771l	1	112835	55	112835	100.0	7.46048	77.5	58.7	112835
ptg000939l	1	57674	33	57674	100.0	7.49169	82.1	60.0	57674
ptg001062l	1	47988	23	47988	100.0	7.50696	82.9	60.0	47988
ptg000998l	1	49557	24	49555	99.996	7.51355	81.9	60.0	49557
ptg000227l	1	280701	136	280701	100.0	7.51559	75.3	52.7	280701
ptg000555l	1	54709	28	54709	100.0	7.51756	74.9	60.0	54709
ptg000224l	1	130737	69	130736	99.9992	7.5492	81.6	56.2	130737
ptg000721l	1	120826	60	120820	99.995	7.55494	79.7	40.7	120826
ptg001006l	1	68222	33	68220	99.9971	7.60058	78.1	53.2	68222
ptg000839l	1	35458	19	35458	100.0	7.62135	85.3	11.1	35458
ptg001067l	1	25552	15	25552	100.0	7.63729	78.8	21.8	25552
ptg000534l	1	156595	77	156589	99.9962	7.68116	82.7	54.7	156595
ptg001093l	1	59609	37	59609	100.0	7.72263	78.3	60.0	59609
ptg000885l	1	42923	21	42910	99.9697	7.72889	74.0	52.4	42923
ptg000898l	1	151627	77	151627	100.0	7.7548	76.5	56.9	151627
ptg000988l	1	155442	80	155442	100.0	7.77278	77.8	57.2	155442
ptg000868l	1	122757	60	122755	99.9984	7.77608	80.0	60.0	122757
ptg000877l	1	93400	62	93400	100.0	7.77825	74.1	59.1	93400
ptg000929l	1	51322	26	51322	100.0	7.81384	79.0	56.8	51322
ptg001138l	1	36652	17	36652	100.0	7.81483	86.3	1.0	36652
ptg000455l	1	137156	73	137156	100.0	7.83	80.0	46.7	137156
ptg000559l	1	58149	29	58146	99.9948	7.90949	75.2	59.7	58149
ptg000104l	1	230155	116	230153	99.9991	7.93104	80.4	41.4	230155
ptg000916l	1	162678	85	162678	100.0	7.9346	79.6	57.4	162678
ptg000963l	1	42210	23	42210	100.0	7.94234	80.9	10.3	42210
ptg000883l	1	116923	57	116923	100.0	7.94856	79.7	59.9	116923
ptg000340l	1	231943	117	231931	99.9948	7.94991	79.8	8.68	231943
ptg001028l	1	52986	27	52986	100.0	7.95699	77.6	51.3	52986
ptg001127l	1	33855	18	33852	99.9911	7.96541	79.4	0.944	33855
ptg000914l	1	45123	28	45122	99.9978	7.99422	70.0	53.3	45123
ptg000881l	1	69448	37	69448	100.0	8.00407	79.6	42.0	69448
ptg000236l	1	108371	56	108370	99.9991	8.00653	81.7	45.6	108371
ptg000804l	1	52383	31	52383	100.0	8.00941	71.4	10.5	52383
ptg000935l	1	178226	96	178226	100.0	8.12972	79.5	48.8	178226
ptg000922l	1	91921	47	91921	100.0	8.13791	79.4	45.6	91921
ptg000685l	1	44151	22	44151	100.0	8.16312	80.1	59.0	44151
ptg000776l	1	282527	146	282527	100.0	8.16357	78.4	59.5	282527
ptg001101l	1	28668	15	28667	99.9965	8.17595	70.4	10.7	28668
ptg000848l	1	88389	43	88389	100.0	8.17964	78.9	10.0	88389
ptg001176l	1	24698	13	24687	99.9555	8.18281	75.4	0.462	24698
ptg000567l	1	165086	84	165056	99.9818	8.1988	75.8	56.6	165086
ptg001016l	1	32902	18	32902	100.0	8.21014	79.2	1.44	32902
ptg000700l	1	171670	96	171670	100.0	8.2281	76.7	60.0	171670
ptg000953l	1	52663	29	52662	99.9981	8.24949	75.9	25.3	52663
ptg000984l	1	48018	33	48012	99.9875	8.25151	77.0	60.0	48018
ptg000893l	1	134028	73	134028	100.0	8.2755	78.8	60.0	134028
ptg000956l	1	41245	21	41245	100.0	8.28699	82.5	5.95	41245
ptg000551l	1	328974	181	328963	99.9967	8.29579	79.6	48.1	328974
ptg000896c	1	34525	20	34098	98.7632	8.30256	81.6	1.0	34525
ptg000866l	1	137431	73	137431	100.0	8.31997	76.5	56.4	137431
ptg000754l	1	125532	67	125532	100.0	8.33902	77.1	55.8	125532
ptg000836l	1	72099	37	72099	100.0	8.40093	77.2	60.0	72099
ptg001040l	1	54422	46	50099	92.0565	12.3552	72.7	5.76	54422
ptg000831l	1	154275	166	149976	97.2134	15.3728	76.6	15.6	154275
ptg000602l	1	150954	165	148156	98.1465	17.0059	77.9	4.25	150954
ptg000872c	1	116808	151	115065	98.5078	19.5991	79.6	5.7	116808
ptg000785c	1	73478	97	72093	98.1151	20.417	77.3	4.43	73478
ptg000954c	1	109773	156	108179	98.5479	21.7906	80.2	4.69	109773
ptg000917c	1	41317	63	40484	97.9839	21.962	71.4	1.14	41317
ptg000746l	1	116105	208	109858	94.6195	26.5661	76.9	8.88	116105
ptg001143l	1	23296	46	22120	94.9519	26.9683	72.5	0.0	23296
ptg000994c	1	74990	141	74133	98.8572	28.2473	77.5	0.674	74990
ptg000631l	1	302232	707	302213	99.9937	35.3272	72.6	9.23	302232
ptg001140l	1	22826	61	22826	100.0	37.2089	73.9	1.49	22826
ptg001132l	1	24665	71	24665	100.0	37.3001	80.0	1.2	24665
ptg001168l	1	24721	69	24719	99.9919	40.7503	70.8	0.087	24721
ptg001164l	1	32315	104	32315	100.0	45.0177	78.9	3.52	32315
ptg001131l	1	40509	126	40509	100.0	48.6225	78.0	11.9	40509
ptg001043c	1	41634	143	41634	100.0	52.0253	74.6	25.3	41634
ptg000732c	1	41692	148	41375	99.2397	52.7985	75.6	1.19	41692
ptg000715l	1	130805	445	130805	100.0	53.5618	78.4	5.59	130805
ptg000995c	1	41481	151	41462	99.9542	54.6884	72.3	0.636	41481
ptg000903l	1	32750	122	32750	100.0	58.7296	81.1	0.664	32750
ptg001161l	1	29013	116	29013	100.0	60.692	79.9	9.53	29013
ptg000978c	1	41275	176	41046	99.4452	61.9536	72.7	2.01	41275
ptg000098c	1	41638	185	41524	99.7262	62.7136	71.1	1.88	41638
ptg000899l	1	71317	326	71317	100.0	64.0143	77.7	32.9	71317
ptg001170l	1	20673	107	20673	100.0	69.2978	75.2	2.42	20673
ptg001153l	1	24792	117	24612	99.274	70.1627	72.0	1.32	24792
ptg001134l	1	36352	180	36352	100.0	78.4809	80.6	6.92	36352
ptg000604c	1	42457	241	42457	100.0	87.1516	71.2	23.6	42457
ptg001123l	1	32475	186	32475	100.0	87.6516	72.2	0.726	32475
ptg001124l	1	29876	200	29876	100.0	90.6415	79.2	6.96	29876
ptg001050c	1	83283	548	83020	99.6842	100.938	71.3	20.6	83283
ptg000972l	1	105042	826	100742	95.9064	118.691	72.8	0.778	105042
ptg000957l	1	31157	297	31157	100.0	144.325	78.1	6.15	31157
ptg001031c	1	82984	801	82575	99.5071	151.85	71.9	0.825	82984
ptg000850c	1	41022	437	40705	99.2272	159.357	73.7	4.55	41022
ptg000729c	1	41544	551	41544	100.0	200.448	72.7	14.2	41544
