#rname	startpos	endpos	numreads	covbases	coverage	meandepth	meanbaseq	meanmapq
ptg000001l	1	8220794	9471	8220794	100	17.9351	79.1	59.9
ptg000002l	1	3402026	2392	3402025	100	11.1841	79.2	18
ptg000003l	1	4368746	4734	4368739	99.9998	16.8321	78.6	59.8
ptg000004l	1	6865751	7175	6865743	99.9999	16.229	78.7	59.8
ptg000005l	1	3808725	3912	3808725	100	15.828	78.2	60
ptg000006l	1	1561415	1265	1561412	99.9998	12.5375	78.4	52
ptg000007l	1	5806352	6384	5806352	100	17.007	79	59.8
ptg000008l	1	698119	538	698119	100	11.5775	77.8	60
ptg000009l	1	1116276	1027	1116276	100	13.4605	79.5	55.1
ptg000010l	1	2130484	1836	2130484	100	13.5625	79	33.3
ptg000011l	1	2020859	2173	2020853	99.9997	16.6253	79	59.9
ptg000012l	1	2501988	1695	2501988	100	10.7871	79.3	22.2
ptg000013l	1	4137689	4779	4137683	99.9999	17.8565	79	59.5
ptg000014l	1	7108716	10440	7108715	100	21.9122	79.5	24
ptg000015l	1	36717	21	36717	100	8.79691	79.8	17.9
ptg000016l	1	555398	574	555398	100	15.8678	78.5	58.4
ptg000017l	1	18035922	19911	18035918	100	17.1423	79	59.7
ptg000018l	1	8330096	8225	8330096	100	15.252	78.7	59.3
ptg000019l	1	33117946	36319	33117945	100	17.0456	78.9	59.8
ptg000020l	1	7925818	7242	7925815	100	14.251	78.7	45.1
ptg000021l	1	524724	316	524722	99.9996	9.42435	79.7	23.8
ptg000022l	1	5544411	5770	5544398	99.9998	16.195	78.5	59.7
ptg000023l	1	3104027	2913	3104019	99.9997	14.437	78.4	60
ptg000024l	1	8880185	9731	8880185	100	17.0907	78.7	59.7
ptg000025l	1	511719	599	511718	99.9998	18.0459	79	54.9
ptg000026l	1	1987953	1422	1987953	100	11.0503	78.8	51.8
ptg000027l	1	2859764	3172	2859764	100	17.4449	78.5	59.7
ptg000028l	1	1191217	1048	1190433	99.9342	13.4567	79.8	28.4
ptg000029l	1	3506122	3750	3506106	99.9995	16.5047	78.1	59.3
ptg000030l	1	907913	551	907906	99.9992	9.3436	79.6	34.3
ptg000031l	1	2613490	2819	2613484	99.9998	16.9773	79	59
ptg000032l	1	6341076	7109	6341076	100	17.4561	79.2	59.7
ptg000033l	1	6491567	8028	6491566	100	19.1128	79.4	24.8
ptg000034l	1	16600387	18830	16600378	99.9999	17.7138	79.1	59.8
ptg000035l	1	6137396	6812	6137382	99.9998	17.2116	79	59.7
ptg000036l	1	2593237	2638	2593237	100	15.8454	79.1	59.6
ptg000037l	1	16007275	17395	16007240	99.9998	16.8701	78.8	59.8
ptg000038l	1	16538170	17852	16538098	99.9996	16.8335	78.8	48
ptg000039l	1	3963343	3963	3963341	99.9999	15.6584	79.2	25.7
ptg000040l	1	2151625	2613	2151625	100	19.4261	79.7	5.66
ptg000041l	1	11743109	13256	11743109	100	17.6347	78.8	59.9
ptg000042l	1	3152357	3214	3152341	99.9995	15.7653	78.9	60
ptg000043l	1	2838405	2507	2838397	99.9997	13.873	78.7	20.4
ptg000044l	1	7280951	4997	7280947	99.9999	10.5477	79.3	18.8
ptg000045l	1	5529308	5386	5529241	99.9988	14.9239	78.8	59.6
ptg000046l	1	24750919	27687	24750896	99.9999	17.3083	78.9	59.3
ptg000047l	1	1651304	1598	1651302	99.9999	14.8766	78.6	59.9
ptg000048l	1	6213598	6798	6213592	99.9999	17.0048	79.1	59.3
ptg000049l	1	5487353	6291	5487324	99.9995	17.8402	79.1	59.7
ptg000050l	1	3445382	3800	3445381	100	17.0435	79.1	59.6
ptg000051l	1	4737788	5317	4737781	99.9999	17.4106	79.1	59.8
ptg000052l	1	1119137	930	1118594	99.9515	13.0133	78.6	47.6
ptg000053l	1	13809420	16025	13809416	100	18.2246	79	59.8
ptg000054l	1	12676943	14270	12675484	99.9885	17.6489	79	58.9
ptg000055l	1	16516743	18096	16516735	100	17.198	78.8	58.8
ptg000056l	1	12044610	12725	12044610	100	16.3368	78.6	59.5
ptg000057l	1	665325	664	665324	99.9998	14.8211	78.3	59.8
ptg000058c	1	178650	257	178649	99.9994	23.1311	78.2	5.81
ptg000059l	1	4481126	5147	4481124	100	17.7972	78.6	53.8
ptg000060l	1	5205127	5637	5205127	100	16.7768	78.9	59.6
ptg000061l	1	19963124	21850	19963114	99.9999	17.0094	78.9	59.9
ptg000062l	1	5301059	5964	5301059	100	17.4342	79.2	59.7
ptg000063l	1	4143389	4073	4143381	99.9998	15.2003	78.8	59.8
ptg000064l	1	45742534	52289	45742487	99.9999	17.8479	78.8	59.9
ptg000065l	1	24345349	26775	24345326	99.9999	17.1365	79	57.6
ptg000066l	1	23894932	26554	23894907	99.9999	17.3723	78.8	59.3
ptg000067l	1	16022815	17973	16022793	99.9999	17.5467	79	59.9
ptg000068l	1	1605693	1878	1605678	99.9991	18.1344	79.7	60
ptg000069l	1	6745640	7739	6745638	100	17.9013	79	59.8
ptg000070l	1	1582189	1759	1582189	100	17.2434	78.9	59.7
ptg000071l	1	13092968	14472	13092940	99.9998	17.2357	79	60
ptg000072l	1	4484263	4770	4484256	99.9998	16.2817	78.9	59.2
ptg000073l	1	12321429	13927	12321429	100	17.607	79	59.8
ptg000074l	1	11806873	13404	11806873	100	17.6766	79.1	59.8
ptg000075l	1	33913670	37984	33913596	99.9998	17.4859	79.1	59.8
ptg000076l	1	3888082	4293	3888076	99.9998	17.1331	79.2	59.6
ptg000077l	1	14764493	16436	14764493	100	17.323	79	59.7
ptg000078l	1	2773401	2811	2773401	100	15.7029	79.3	38.2
ptg000079l	1	3319771	3459	3319763	99.9998	16.2073	78.7	59
ptg000080l	1	7987123	8774	7987122	100	17.0587	78.8	58.9
ptg000081l	1	11973774	13480	11973769	100	17.4476	78.9	58.3
ptg000082l	1	4972402	5600	4972389	99.9997	17.5146	79.1	59.9
ptg000083l	1	7380333	10863	7380320	99.9998	23.0118	79	31.3
ptg000084l	1	24566003	28108	24565962	99.9998	17.8147	78.9	59.8
ptg000085l	1	9224105	10319	9224084	99.9998	17.4405	79.1	59.7
ptg000086l	1	4856987	5424	4856944	99.9991	17.2653	78.8	59.5
ptg000087l	1	2031230	2197	2031230	100	16.803	78.7	60
ptg000088l	1	554149	562	554149	100	15.6518	77.9	27.6
ptg000089l	1	19086238	21147	19086238	100	17.1802	78.7	59.8
ptg000090l	1	3174080	3416	3174080	100	16.6872	78.5	59.7
ptg000091l	1	16133091	17780	16133086	100	17.2371	78.8	59.9
ptg000092l	1	7348343	8235	7348333	99.9999	17.3938	78.8	59.7
ptg000093l	1	305974	498	305974	100	25.4401	80	12.8
ptg000094l	1	2720135	3005	2720128	99.9997	17.2413	79	59.9
ptg000095l	1	148730	114	148730	100	11.5798	78.5	18
ptg000096l	1	10039816	13351	10039816	100	20.6603	78.8	33.8
ptg000097l	1	5440245	6390	5440245	100	17.2713	78.8	58.4
ptg000098c	1	41638	185	41524	99.7262	62.7136	71.1	1.88
ptg000099l	1	2008824	1955	2008824	100	14.8783	78.8	59.9
ptg000100l	1	2666384	2897	2666383	100	16.7414	79	59.5
ptg000101l	1	7066380	7767	7066257	99.9983	17.1352	78.9	59.8
ptg000102l	1	12768554	13834	12768547	99.9999	16.3544	79.1	41.4
ptg000103l	1	6728563	7743	6728561	100	18.0114	79	45.2
ptg000104l	1	230155	116	230153	99.9991	7.93104	80.4	41.4
ptg000105l	1	12360383	14024	12360367	99.9999	17.6782	78.9	59.8
ptg000106l	1	6810379	7346	6810368	99.9998	16.8381	78.8	59.9
ptg000107l	1	12633526	14477	12633526	100	17.8027	78.9	59.8
ptg000108l	1	2552293	2289	2552293	100	13.7196	78.7	60
ptg000109l	1	9092861	10152	9092861	100	17.4132	79	59.9
ptg000110l	1	1185207	1363	1185207	100	17.8497	79.2	59.9
ptg000111l	1	1416489	1822	1416469	99.9986	19.7912	79.3	23.9
ptg000112l	1	3769278	3814	3769274	99.9999	15.6478	78.6	56.8
ptg000113l	1	4107912	5359	4107909	99.9999	20.695	79.6	32.9
ptg000114l	1	13097187	14663	13097176	99.9999	17.4309	78.9	59.7
ptg000115l	1	5105264	5704	5105260	99.9999	17.366	78.7	59.6
ptg000116l	1	10942413	12352	10942405	99.9999	17.5339	78.9	59.7
ptg000117l	1	36198422	40948	36198422	100	17.6129	78.9	59.7
ptg000118l	1	81408	44	81407	99.9988	8.65584	80.2	57.8
ptg000119l	1	14132220	15578	14132220	100	17.1898	79.1	59.6
ptg000120l	1	14057328	14885	14057327	100	16.5215	78.7	59.4
ptg000121l	1	54346700	61683	54346667	99.9999	17.6651	78.9	59.7
ptg000122l	1	2937867	3180	2937867	100	16.7283	79.4	59.3
ptg000123l	1	7127017	8207	7126996	99.9997	18.0033	78.9	59.8
ptg000124l	1	4427991	4821	4427987	99.9999	16.7534	78.8	58.1
ptg000125l	1	5706184	6467	5706183	100	17.5878	78.6	59.9
ptg000126l	1	2739794	3005	2739794	100	16.9847	79	60
ptg000127l	1	1849484	1473	1849483	99.9999	12.1695	77.4	59.8
ptg000128l	1	14237554	15782	14237548	100	17.266	79	59.9
ptg000129l	1	8636443	9579	8636438	99.9999	17.2768	78.9	59.8
ptg000130l	1	8224827	9131	8224827	100	17.279	78.9	59.9
ptg000131l	1	16322944	16172	16322944	100	15.2718	78.7	59
ptg000132l	1	21243482	23360	21243453	99.9999	17.1	79	59.8
ptg000133l	1	694365	708	694365	100	15.4478	78.9	59.8
ptg000134l	1	1492819	1348	1492803	99.9989	13.9917	78.3	59.5
ptg000135l	1	2963773	2929	2963773	100	15.1638	78.4	60
ptg000136l	1	666103	844	666103	100	20.1376	78.9	4.72
ptg000137l	1	3345849	3639	3345839	99.9997	16.8445	79.3	59.9
ptg000138l	1	5415131	5476	5415129	100	15.6088	78.6	59.9
ptg000139l	1	2378577	2381	2378577	100	15.8364	79.5	23.1
ptg000140l	1	600146	594	600146	100	15.3179	78.8	59.6
ptg000141l	1	13291770	15065	13291766	100	17.6171	78.9	50.2
ptg000142l	1	8947096	9649	8947085	99.9999	16.8107	78.9	59.6
ptg000143l	1	10123459	11432	10123459	100	17.6297	79	59.9
ptg000144l	1	6085351	6865	6085347	99.9999	17.5463	79	59.9
ptg000145l	1	4306677	4616	4306676	100	16.5832	78.5	59.7
ptg000146l	1	3709667	3769	3709657	99.9997	15.7178	78.7	59.8
ptg000147l	1	83708	79	83707	99.9988	14.1689	76.5	12.5
ptg000148l	1	3361767	3590	3361767	100	16.7013	79	59.6
ptg000149l	1	13344601	15185	13344583	99.9999	17.7669	79.1	59.8
ptg000150l	1	4017530	4625	4017530	100	17.8938	79.2	59.9
ptg000151l	1	2223349	3215	2222595	99.9661	22.1195	79.1	54.8
ptg000152l	1	18903556	25593	18903556	100	21.0455	79.2	46.6
ptg000153l	1	25644004	28858	25644003	100	17.4631	79	52.5
ptg000154l	1	5128128	5579	5128127	100	16.7225	78.6	59.9
ptg000155l	1	1571028	2075	1571026	99.9999	20.8694	79.4	18.7
ptg000156l	1	3034085	3363	3034085	100	17.1335	78.6	59.8
ptg000157l	1	4552512	5831	4552503	99.9998	19.1118	79.4	25.5
ptg000158l	1	14391762	15604	14391756	100	16.7525	78.9	59.7
ptg000159l	1	1756556	1819	1756556	100	15.8839	78.5	59.7
ptg000160l	1	1443382	1180	1443373	99.9994	13.0372	78.3	24.6
ptg000161l	1	1291023	1170	1291021	99.9998	14.1386	78.8	16.2
ptg000162l	1	6039405	6575	6039396	99.9999	16.9113	79.2	59.9
ptg000163l	1	1073122	1161	1073122	100	16.6603	78.9	59.9
ptg000164l	1	8174527	9148	8174514	99.9998	17.3687	79.2	59.8
ptg000165l	1	5783726	6475	5783700	99.9996	17.4015	79.2	59.6
ptg000166l	1	5562684	6245	5562684	100	17.4138	79	59.8
ptg000167l	1	1269820	1201	1269817	99.9998	14.9343	78.9	13.5
ptg000168l	1	2688950	2793	2688949	100	16.1481	79.1	30.7
ptg000169l	1	12188420	13591	12188410	99.9999	17.298	79.4	59.8
ptg000170l	1	995236	864	995231	99.9995	13.4068	78.4	60
ptg000171l	1	6133555	6227	6133552	100	15.5898	78.9	59.6
ptg000172l	1	766645	852	766642	99.9996	17.7214	79.6	11.3
ptg000173l	1	2581700	2612	2581700	100	15.6184	79.2	59.7
ptg000174l	1	4154624	4464	4154608	99.9996	16.788	79.1	59.7
ptg000175l	1	9187349	8846	9187348	100	14.8459	78.4	59.9
ptg000176l	1	20458916	23071	20458905	99.9999	17.5417	78.9	59.7
ptg000177l	1	2199622	2460	2199617	99.9998	17.2991	78.6	59.2
ptg000178l	1	1720226	1567	1720221	99.9997	13.9503	79.1	59.9
ptg000179l	1	560201	471	560200	99.9998	13.0348	78.4	51
ptg000180l	1	6032903	6759	6032899	99.9999	17.3657	79.1	59.9
ptg000181l	1	5964833	5520	5964818	99.9997	14.4046	78.7	56.9
ptg000182l	1	699010	446	699004	99.9991	9.85437	79.3	55.6
ptg000183l	1	2950673	3197	2950673	100	16.8365	79	60
ptg000184l	1	472148	470	472148	100	14.8687	78.4	56.3
ptg000185l	1	3285519	3279	3285519	100	15.5494	78.7	36.5
ptg000186l	1	1894116	1880	1894102	99.9993	15.3509	78.8	59.8
ptg000187l	1	1067322	1040	1067322	100	14.6868	78.6	60
ptg000188l	1	2892807	3163	2892798	99.9997	17.0211	79.3	59.2
ptg000189l	1	35182310	38623	35182277	99.9999	17.0239	79	59.9
ptg000190l	1	1369902	1526	1369898	99.9997	17.5215	78.3	44.9
ptg000191l	1	9857910	11046	9857879	99.9997	17.4173	78.7	60
ptg000192l	1	8010696	9116	8010696	100	17.7277	79.3	59.8
ptg000193l	1	11177701	12706	11177666	99.9997	17.739	78.8	52.1
ptg000194l	1	7154853	7645	7154576	99.9961	16.8574	78.7	41.3
ptg000195l	1	4684425	5002	4684401	99.9995	16.5802	78.8	59.6
ptg000196l	1	594647	602	594639	99.9987	15.8472	79.1	42.2
ptg000197l	1	1911993	2007	1911993	100	16.1883	78.4	59.7
ptg000198l	1	1376526	1456	1376522	99.9997	16.382	79.1	58
ptg000199l	1	13638554	15456	13638547	99.9999	17.6857	79	59.7
ptg000200l	1	881355	881	881353	99.9998	15.4955	78	59.6
ptg000201l	1	913065	1477	913062	99.9997	24.2428	79	31.7
ptg000202l	1	882895	708	882895	100	12.3313	77.7	59.7
ptg000203l	1	10564954	11193	10564934	99.9998	16.3566	79	59.8
ptg000204l	1	2459380	1811	2459380	100	10.7352	79	50.9
ptg000205l	1	606578	606	606578	100	14.7901	79.3	59.8
ptg000206l	1	1300992	997	1300990	99.9998	12.2997	78.2	17
ptg000207l	1	3832885	3670	3832876	99.9998	14.707	78.8	59.6
ptg000208l	1	3372074	3800	3372074	100	17.5075	79	59.8
ptg000209l	1	2045151	1994	2045151	100	14.9792	78.4	59.4
ptg000210l	1	6463235	6542	6463228	99.9999	15.6123	78.7	59.9
ptg000211l	1	11795281	13186	11795281	100	17.4836	79	59.8
ptg000212l	1	22904956	26241	22904950	100	17.8897	79	59.8
ptg000213l	1	3899076	3153	3897710	99.965	12.3749	79.2	41
ptg000214l	1	14158136	15531	14158136	100	17.0993	79.1	59.8
ptg000215l	1	4046365	4456	4046365	100	17.0836	78.9	59.8
ptg000216l	1	8860085	9903	8860085	100	17.5654	78.9	59.7
ptg000217l	1	5711588	6017	5711588	100	16.4106	79.2	55.9
ptg000218l	1	19362808	21574	19362782	99.9999	17.3597	79.1	59.8
ptg000219l	1	383246	292	383245	99.9997	11.6591	78.6	16
ptg000220l	1	3062978	3315	3062972	99.9998	16.2428	79.6	38.4
ptg000221l	1	3407907	3734	3407897	99.9997	17.0947	79.3	59.8
ptg000222l	1	2979865	3177	2979865	100	16.5058	79.1	59.5
ptg000223l	1	633762	732	633762	100	18.1471	79.8	60
ptg000224l	1	130737	69	130736	99.9992	7.5492	81.6	56.2
ptg000225l	1	9818047	11259	9818030	99.9998	17.9504	79.1	59.8
ptg000226l	1	4080479	4435	4080478	100	16.9588	78.8	56.4
ptg000227l	1	280701	136	280701	100	7.51559	75.3	52.7
ptg000228l	1	4496324	5019	4496324	100	17.4085	79.3	59.9
ptg000229l	1	1008671	1093	1008669	99.9998	16.4865	79	59.2
ptg000230l	1	7744133	8315	7744132	100	16.5498	78.7	59.8
ptg000231l	1	2380001	2687	2379993	99.9997	17.6035	79.6	59.9
ptg000232l	1	1197891	1290	1197891	100	16.5064	78.8	59.8
ptg000233l	1	6535704	7072	6535699	99.9999	16.8911	78.7	58.7
ptg000234l	1	1561213	1460	1561213	100	14.2825	78.1	59.9
ptg000235l	1	23160068	25276	23160065	100	16.9104	79	54.7
ptg000236l	1	108371	56	108370	99.9991	8.00653	81.7	45.6
ptg000237l	1	5193592	4857	5193591	100	14.3778	78.5	59.9
ptg000238l	1	7273986	7876	7273986	100	16.8051	79	59.8
ptg000239l	1	1067317	1148	1067315	99.9998	16.8332	78.8	58.3
ptg000240l	1	901690	751	897818	99.5706	12.676	79.5	57.5
ptg000241l	1	732232	705	732232	100	14.8805	78.5	58.6
ptg000242l	1	2734439	2832	2734439	100	16.0167	78.2	59.8
ptg000243l	1	8494426	9542	8494417	99.9999	17.5806	79	55.3
ptg000244l	1	38774473	42737	38774455	100	17.0808	79	59.7
ptg000245l	1	5552385	5566	5552378	99.9999	15.5815	79.4	24.2
ptg000246l	1	1290499	1331	1290499	100	16.0274	79	58.6
ptg000247l	1	9311954	9664	9311954	100	16.0753	78.9	59.9
ptg000248l	1	6597550	7483	6597531	99.9997	17.6844	78.8	59.9
ptg000249l	1	832701	780	832700	99.9999	14.2042	78.8	57.5
ptg000250l	1	6233973	7024	6233970	100	17.5841	78.9	59.6
ptg000251l	1	4185174	4147	4185174	100	15.4689	79	60
ptg000252l	1	6421041	5559	6421035	99.9999	13.2506	79.5	41.7
ptg000253l	1	2398426	2767	2398414	99.9995	17.9294	78.7	60
ptg000254c	1	38977	60	38977	100	21.3015	78.4	7.98
ptg000255l	1	699398	530	699397	99.9999	11.7589	78.3	41.6
ptg000256l	1	5999872	6737	5999869	99.9999	17.5907	79	59.9
ptg000257l	1	1743449	1864	1743431	99.999	16.6417	78	59.8
ptg000258l	1	2141326	2292	2141326	100	16.555	79.3	59.9
ptg000259l	1	443257	404	443257	100	13.9942	77	60
ptg000260l	1	991225	796	991220	99.9995	12.5219	79	25.1
ptg000261l	1	3848850	4203	3848846	99.9999	16.9306	78.2	59.7
ptg000262l	1	3990636	4494	3990636	100	17.3701	79	59.8
ptg000263l	1	232267	193	232267	100	12.4813	76.7	60
ptg000264l	1	1239740	1270	1239735	99.9996	15.7742	79.7	50.1
ptg000265l	1	2614937	2781	2614910	99.999	16.4037	79.6	59.9
ptg000266l	1	1683751	1719	1683751	100	15.7132	79.2	59.4
ptg000267l	1	2490084	2822	2490084	100	17.6353	78.6	59.8
ptg000268l	1	161020	115	161019	99.9994	10.9682	77.4	60
ptg000269l	1	2267517	2253	2267510	99.9997	15.3657	79.3	59.8
ptg000270l	1	17794733	19557	17794732	100	17.1114	79.1	59.5
ptg000271l	1	23006246	25518	23006241	100	17.2927	79	55.4
ptg000272l	1	1430820	1581	1430813	99.9995	17.6999	79.2	16.9
ptg000273l	1	335438	345	335437	99.9997	15.6055	79.1	58.2
ptg000274l	1	39041742	42832	39041700	99.9999	17.1076	78.9	59.3
ptg000275l	1	2075335	1737	2075332	99.9999	12.9609	77.7	35.6
ptg000276l	1	490823	311	490815	99.9984	9.80737	79.6	9.56
ptg000277l	1	3325910	3599	3325909	100	16.7583	78.5	59.9
ptg000278l	1	1506239	1671	1506239	100	17.2174	79	59.7
ptg000279l	1	4255905	4465	4255905	100	16.2881	78.7	59.7
ptg000280l	1	9134101	10077	9134094	99.9999	16.8018	79	40.2
ptg000281l	1	1154555	1725	1154555	100	22.3218	79.9	21.5
ptg000282l	1	29563754	33273	29563716	99.9999	17.6376	79.2	59.7
ptg000283l	1	14573161	16083	14573147	99.9999	17.2037	78.9	59.9
ptg000284l	1	3610914	3432	3610912	99.9999	14.7896	78.5	11.1
ptg000285l	1	45897645	51607	45897613	99.9999	17.5162	79	59.8
ptg000286l	1	9889960	11091	9889960	100	17.6321	78.8	59.9
ptg000287l	1	3140490	2769	3140490	100	13.685	79	32.5
ptg000288l	1	2450752	2708	2450752	100	17.1036	79	59.6
ptg000289l	1	1046022	1194	1046008	99.9987	16.9273	79.4	46.2
ptg000290l	1	1060366	900	1060364	99.9998	12.929	77.5	59.9
ptg000291l	1	9502852	10151	9502848	100	16.4653	79.1	59.9
ptg000292l	1	1664723	1818	1664723	100	16.9396	78.9	58.6
ptg000293l	1	3890608	3755	3890603	99.9999	15.1755	79.5	15.6
ptg000294l	1	3999002	4304	3998987	99.9996	16.5818	79	59.7
ptg000295l	1	22735487	25340	22735481	100	17.3341	79.1	53.9
ptg000296l	1	8720687	9205	8720686	100	16.3173	78.8	59.6
ptg000297l	1	3050730	3246	3050730	100	16.5143	78.6	59.8
ptg000298l	1	11214494	12443	11214494	100	17.1845	78.9	59.8
ptg000299l	1	5607543	6253	5607543	100	17.5092	78.8	59.6
ptg000300l	1	4393845	4974	4393845	100	17.5352	79.1	59.9
ptg000301l	1	27121133	30531	27121125	100	17.5996	79.1	49.1
ptg000302l	1	714011	729	714011	100	15.4839	78.9	59.6
ptg000303l	1	1077161	1501	1077160	99.9999	20.9596	79.7	30.9
ptg000304l	1	968806	1055	968806	100	16.7216	79.1	59.7
ptg000305l	1	4123808	3547	4123801	99.9998	13.097	79.1	45.4
ptg000306l	1	1466468	1140	1466439	99.998	11.9384	78.5	26.7
ptg000307l	1	19262840	21763	19262839	100	17.7679	79	59.7
ptg000308l	1	6067325	6556	6067291	99.9994	16.8501	78.9	59.7
ptg000309l	1	339286	473	339286	100	21.5647	78.2	46.4
ptg000310l	1	200726	380	200726	100	29.859	77.9	4.67
ptg000311l	1	7622696	8083	7622685	99.9999	16.5259	78.7	59.9
ptg000312l	1	6552322	7323	6552315	99.9999	17.2834	78.9	59.9
ptg000313l	1	2248688	2538	2248682	99.9997	17.5259	78.6	60
ptg000314l	1	3784381	4292	3784381	100	17.6946	78.2	59.9
ptg000315l	1	7186061	7770	7186060	100	16.7664	78.5	56.7
ptg000316l	1	2330353	2718	2330353	100	18.0903	78.9	38.7
ptg000317l	1	15222545	16890	15222545	100	17.2389	79.1	59.8
ptg000318l	1	1930517	2007	1930517	100	15.9994	78.7	60
ptg000319l	1	2329280	2520	2329276	99.9998	16.8406	79.1	59.6
ptg000320l	1	11147628	12275	11147601	99.9998	17.2159	78.9	59.8
ptg000321l	1	7133941	6540	7133937	99.9999	14.2599	79.1	39.2
ptg000322l	1	10897050	12424	10897050	100	17.8024	78.9	59.4
ptg000323l	1	12025143	13555	12025142	100	17.5	79	59.8
ptg000324l	1	450820	375	450820	100	12.9193	78.7	10
ptg000325l	1	3033847	3353	3033843	99.9999	17.0161	79.2	59.5
ptg000326l	1	3138644	3423	3138644	100	16.9049	78.9	59.6
ptg000327l	1	4473328	4620	4473326	100	15.9458	78.6	60
ptg000328l	1	10778363	12220	10778356	99.9999	17.698	78.6	59.7
ptg000329l	1	5824807	5825	5824804	99.9999	15.3021	78.8	59.2
ptg000330l	1	2463421	2499	2463421	100	15.8214	78.1	59
ptg000331l	1	1913119	1668	1913119	100	13.4379	78	59.4
ptg000332l	1	1392589	1374	1392567	99.9984	15.44	78.8	27.7
ptg000333l	1	4485135	4860	4485134	100	16.9697	78.6	59.8
ptg000334l	1	1434356	995	1434356	100	10.9842	78.9	12.1
ptg000335l	1	14698601	15915	14698601	100	16.764	78.8	59.9
ptg000336l	1	7774212	8153	7774209	100	16.1199	79	59.6
ptg000337l	1	915329	1270	915329	100	21.766	79	9.42
ptg000338l	1	401559	440	401550	99.9978	17.2625	79.4	60
ptg000339l	1	9318363	9908	9318363	100	16.4091	79.1	59.8
ptg000340l	1	231943	117	231931	99.9948	7.94991	79.8	8.68
ptg000341l	1	853727	555	853726	99.9999	10.196	80.1	20.7
ptg000342l	1	3619778	3931	3619778	100	16.8169	78.7	59.9
ptg000343l	1	916841	977	916830	99.9988	16.6072	78.2	59.3
ptg000344l	1	27171659	30405	27171653	100	17.437	79	59.8
ptg000345l	1	4325146	4791	4325146	100	17.3446	79.3	59.6
ptg000346l	1	1497684	1657	1497648	99.9976	17.0959	79	50.9
ptg000347l	1	1441940	1078	1441934	99.9996	11.274	78.5	46.1
ptg000348l	1	4247488	4539	4247488	100	16.4782	79	59.6
ptg000349l	1	5569106	5445	5569096	99.9998	15.022	79.5	32.7
ptg000350l	1	4041464	4455	4041464	100	17.1616	79	59.8
ptg000351l	1	4463670	4794	4463670	100	16.5265	79.1	59.8
ptg000352l	1	2300646	3433	2300643	99.9999	23.4896	79.6	9.45
ptg000353l	1	72758	42	72758	100	9.49603	82.8	51.7
ptg000354l	1	1031249	876	1031249	100	13.5078	78.8	19.3
ptg000355l	1	5305197	5546	5305196	100	16.3489	78.8	59.9
ptg000356l	1	8623957	8572	8623949	99.9999	15.4469	79.1	45.1
ptg000357l	1	783919	608	783916	99.9996	11.8181	79	59
ptg000358l	1	3154037	3185	3154032	99.9998	15.5342	78.3	58.5
ptg000359l	1	1852449	1204	1852447	99.9999	10.3222	79.1	17.4
ptg000360l	1	677619	656	677619	100	14.6616	78	60
ptg000361l	1	1915050	1685	1915044	99.9997	13.8278	79.9	10.3
ptg000362l	1	80310	38	80302	99.99	6.67903	77	8.47
ptg000363l	1	3323699	3047	3323699	100	14.1378	78.8	47.7
ptg000364l	1	5941467	6061	5941407	99.999	15.7939	78.6	59.8
ptg000365l	1	611261	549	611261	100	13.6845	78	60
ptg000366l	1	2535538	2773	2535538	100	17.0358	78.9	59.8
ptg000367l	1	1482538	1370	1482525	99.9991	14.3212	78.4	59.8
ptg000368l	1	6102513	6444	6102511	100	16.3326	78.4	59.6
ptg000369l	1	1682078	1902	1682078	100	17.6569	78.5	59.8
ptg000370l	1	859635	817	859635	100	14.2956	79.8	51.5
ptg000371l	1	47440	46	47438	99.9958	14.688	81.2	1.54
ptg000372l	1	234411	161	234403	99.9966	10.2933	76.8	60
ptg000373l	1	36757	14	36755	99.9946	5.25514	75.1	46.3
ptg000374l	1	1609248	2268	1609082	99.9897	21.8173	77.7	34.3
ptg000375l	1	12671060	14297	12671056	100	17.5569	79.1	59.8
ptg000376l	1	2409905	2639	2409898	99.9997	16.8328	78.9	59.7
ptg000377l	1	858968	828	858966	99.9998	15.29	78.9	32.2
ptg000378l	1	7831175	8850	7831171	99.9999	17.6517	78.9	59.7
ptg000379l	1	1613016	1693	1612749	99.9834	16.3496	78.9	28.4
ptg000380l	1	6022861	6568	6022861	100	16.9125	78.7	59.6
ptg000381l	1	86772	80	86772	100	12.3673	81	60
ptg000382l	1	224285	150	224285	100	10.5353	77.5	56.8
ptg000383l	1	607979	584	605862	99.6518	14.5894	78.3	59.9
ptg000384l	1	1016258	812	1016258	100	11.9647	78.2	59.8
ptg000385l	1	644925	355	644923	99.9997	8.84355	78.8	36.6
ptg000386l	1	17556050	19734	17556044	100	17.5742	79	59.9
ptg000387l	1	1184245	1064	1184240	99.9996	13.7313	78.7	60
ptg000388l	1	1356475	1455	1356475	100	16.3736	79	59.4
ptg000389l	1	66323	47	66323	100	11.2374	79.2	37
ptg000390l	1	3284855	2941	3284853	99.9999	13.7459	78.7	59.2
ptg000391l	1	12124187	13845	12124178	99.9999	17.7321	78.8	59.4
ptg000392l	1	82191	73	82185	99.9927	13.0726	77.6	10.7
ptg000393l	1	1715294	2927	1715294	100	25.7894	79.4	31.1
ptg000394c	1	816837	768	816837	100	14.7431	79.2	26.2
ptg000395l	1	865154	876	865154	100	15.7629	78.3	59.8
ptg000396l	1	932582	881	932576	99.9994	14.1966	79.3	60
ptg000397l	1	1018931	870	1018914	99.9983	12.603	77.6	58.9
ptg000398l	1	1756815	2637	1756815	100	23.3829	78.5	50
ptg000399l	1	733709	709	733699	99.9986	15.0807	78.7	6.78
ptg000400l	1	614259	509	614259	100	12.8066	77.3	20.4
ptg000401l	1	1616573	1708	1616573	100	16.3278	79.3	59.4
ptg000402l	1	1897297	2138	1897297	100	17.5828	78.7	59.5
ptg000403l	1	511832	458	511832	100	13.4931	77.6	60
ptg000404l	1	19409376	21827	19409373	100	17.5647	78.9	59.7
ptg000405l	1	1192812	1222	1192811	99.9999	16.0643	79.1	59.1
ptg000406l	1	373335	260	373335	100	10.9568	78.5	55.6
ptg000407l	1	2274614	2382	2274614	100	16.3047	79.1	40.2
ptg000408l	1	73811	32	73811	100	6.38754	75.9	26.8
ptg000409l	1	2767498	2681	2767497	100	14.8483	78.5	60
ptg000410l	1	1281675	1143	1281675	100	13.4719	78.1	59.7
ptg000411l	1	1503452	1759	1503452	100	18.197	78.8	60
ptg000412l	1	958665	809	958665	100	12.8624	78.2	59.5
ptg000413l	1	7218746	7687	7218739	99.9999	16.3637	78.7	59.9
ptg000414l	1	5483744	6213	5482387	99.9753	17.6397	78.9	60
ptg000415l	1	1920304	2102	1920303	99.9999	17.1412	78.8	59.9
ptg000416l	1	21998423	23743	21998420	100	16.786	78.9	50.4
ptg000417l	1	158815	171	158815	100	16.4244	76.2	60
ptg000418l	1	148253	83	148250	99.998	9.07433	78.1	58.3
ptg000419l	1	1622207	1544	1622204	99.9998	14.6596	79.3	59.8
ptg000420l	1	818217	675	818217	100	12.2532	77.4	59.8
ptg000421l	1	1377192	1364	1377192	100	15.4401	79.3	59.3
ptg000422l	1	1696121	2710	1696118	99.9998	23.7816	79.6	37
ptg000423l	1	45066	48	45065	99.9978	15.6469	81.5	1.56
ptg000424l	1	9309696	10403	9309696	100	17.404	78.9	59.3
ptg000425l	1	1499721	1446	1499721	100	14.2824	79	36.4
ptg000426l	1	12478740	14015	12478740	100	17.4572	79.1	59.8
ptg000427l	1	1012160	983	1012156	99.9996	14.229	78.4	59.5
ptg000428l	1	19187001	20300	19186986	99.9999	16.5308	79.1	52.3
ptg000429l	1	11656179	13280	11656179	100	17.6919	79.1	59.8
ptg000430l	1	883355	520	883355	100	9.18159	78.3	55.4
ptg000431l	1	279238	222	279238	100	12.0033	77	60
ptg000432l	1	293002	213	292995	99.9976	11.5677	78.8	50.1
ptg000433l	1	345777	361	345777	100	16.0229	79.6	30.4
ptg000434l	1	996977	1005	996970	99.9993	15.6157	78.8	58.6
ptg000435l	1	879228	794	879228	100	13.7817	77.5	59.9
ptg000436l	1	520851	886	520851	100	27.0038	79.8	3.04
ptg000437l	1	130136	84	130135	99.9992	10.0579	79.5	53.7
ptg000438l	1	491447	428	491447	100	13.2588	78.3	60
ptg000439l	1	485514	285	485514	100	9.23682	79.1	56.5
ptg000440l	1	4291072	4175	4291058	99.9997	15.0238	78.6	59.4
ptg000441l	1	2596466	2691	2596453	99.9995	16.0043	78.7	58.6
ptg000442l	1	885852	859	885851	99.9999	15.131	80	59.4
ptg000443l	1	492884	417	492884	100	13.2965	78.3	58.7
ptg000444l	1	8687459	9487	8687457	100	16.8848	78.6	59.8
ptg000445l	1	10488281	11762	10488279	100	17.396	78.8	59.8
ptg000446l	1	540968	417	540968	100	11.7975	78.3	8.06
ptg000447l	1	705217	817	705215	99.9997	18.2439	78.9	46.9
ptg000448l	1	7462451	8160	7462451	100	17.1047	78.9	59.6
ptg000449l	1	515617	446	515596	99.9959	13.6197	79.1	19.7
ptg000450l	1	4111050	4383	4111048	100	16.5695	79	59.9
ptg000451l	1	20655956	22891	20655951	100	17.2595	78.9	59.9
ptg000452l	1	947163	892	947163	100	14.4485	78.1	58.1
ptg000453l	1	1356367	1327	1356366	99.9999	15.374	78	59.9
ptg000454l	1	3662995	3756	3662995	100	15.9656	78.8	55.2
ptg000455l	1	137156	73	137156	100	7.83	80	46.7
ptg000456l	1	7635319	6709	7635319	100	13.5153	78.1	59.9
ptg000457l	1	470203	471	470203	100	15.9906	77.2	34.4
ptg000458l	1	491525	431	491525	100	12.1931	78.2	59.3
ptg000459l	1	255314	182	255314	100	11.0847	77.9	59.7
ptg000460l	1	2040937	2133	2040937	100	16.2398	78.5	58.3
ptg000461l	1	15666617	17592	15666592	99.9998	17.4561	78.8	59.8
ptg000462l	1	1366982	1433	1366954	99.998	16.406	78.7	36
ptg000463l	1	952153	1091	952141	99.9987	17.8712	79.9	27.4
ptg000464l	1	1230220	1826	1230220	100	22.8273	78.5	35.5
ptg000465l	1	1391569	1163	1391567	99.9999	13.4181	79.9	24.4
ptg000466l	1	823315	620	823304	99.9987	10.9861	78	59.8
ptg000467l	1	157934	122	157924	99.9937	11.2635	77	59.5
ptg000468l	1	307017	185	306993	99.9922	9.5558	76.9	58.5
ptg000469l	1	860213	679	860202	99.9987	12.0161	76.4	59.9
ptg000470l	1	14196551	16572	14196551	100	18.1654	78.9	56.7
ptg000471l	1	4457703	4608	4457703	100	15.7978	78.2	57.4
ptg000472l	1	317667	317	317667	100	15.8392	78.8	13.5
ptg000473l	1	2812195	2982	2812161	99.9988	16.1357	79.1	59.6
ptg000474l	1	1391176	1346	1391167	99.9994	14.4889	79.2	54.9
ptg000475l	1	442858	248	442858	100	8.89417	78.9	17.8
ptg000476l	1	3254149	3719	3254148	100	17.655	78.9	59.6
ptg000477l	1	2534553	2731	2534546	99.9997	16.6215	78.7	59.5
ptg000478l	1	285009	259	285008	99.9996	14.3915	78.3	60
ptg000479l	1	470046	477	470046	100	15.4619	79.3	27.3
ptg000480l	1	2582157	2872	2582157	100	17.2135	78.8	59.8
ptg000481l	1	1436347	1415	1436346	99.9999	15.1795	78.5	59.2
ptg000482l	1	15651969	17528	15651969	100	17.3987	79	59.9
ptg000483l	1	877129	924	877125	99.9995	15.9926	78	59.5
ptg000484l	1	3950763	4161	3950758	99.9999	16.3189	78.7	54.2
ptg000485l	1	767228	691	767216	99.9984	14.1322	78.4	59.9
ptg000486l	1	525036	475	525036	100	13.6586	77.9	60
ptg000487l	1	2464794	2554	2464792	99.9999	15.9616	78.8	59.4
ptg000488l	1	1559172	1735	1559172	100	17.2656	78.9	59.5
ptg000489l	1	1226587	1727	1226586	99.9999	21.7928	79.5	35.9
ptg000490l	1	2240613	1611	2240613	100	11.415	79.3	22.6
ptg000491l	1	815708	690	815708	100	12.9675	78.9	59.9
ptg000492l	1	646318	579	646316	99.9997	13.9339	78.4	59.1
ptg000493l	1	3329449	4749	3329437	99.9996	21.5988	78.8	24.7
ptg000494l	1	2121492	2404	2121492	100	17.6718	79.4	59.9
ptg000495l	1	171562	70	171562	100	6.7178	76.9	57.4
ptg000496l	1	1294280	1012	1284773	99.2655	12.1028	79.7	21.2
ptg000497l	1	44894	15	44879	99.9666	4.42335	82.4	56.7
ptg000498l	1	933312	919	933294	99.9981	15.0925	78.7	56.6
ptg000499l	1	1603400	1161	1603399	99.9999	11.208	79.3	27.3
ptg000500l	1	353201	370	353201	100	16.4281	80.3	37.3
ptg000501l	1	1414259	1220	1414255	99.9997	13.0482	77.8	59.7
ptg000502l	1	384019	386	384019	100	15.7679	79.7	7.41
ptg000503l	1	333706	196	333700	99.9982	9.34348	78.6	53
ptg000504l	1	3218786	3345	3215672	99.9033	15.9485	79.2	58.2
ptg000505l	1	2248730	2299	2248363	99.9837	15.9449	78.4	57.4
ptg000506l	1	7398788	7110	7398775	99.9998	14.8637	78.8	50.4
ptg000507l	1	1346461	1274	1346454	99.9995	14.5568	77.9	60
ptg000508l	1	1094461	1151	1094455	99.9995	16.129	78.3	59.9
ptg000509l	1	3169779	3261	3169767	99.9996	15.882	78.7	59.6
ptg000510l	1	312045	443	312042	99.999	21.9859	78.2	21.1
ptg000511l	1	1112279	929	1112279	100	12.5655	77.6	60
ptg000512l	1	1751410	1521	1751402	99.9995	13.3411	78.4	59.9
ptg000513l	1	12384839	13746	12384835	100	17.2355	78.8	59.9
ptg000514l	1	10937278	12080	10937265	99.9999	17.3553	79.1	59.8
ptg000515l	1	3919889	4014	3919883	99.9998	15.5029	78.8	59.8
ptg000516l	1	150132	185	150132	100	19.2954	74.2	10.7
ptg000517l	1	196914	121	196885	99.9853	8.81735	78	60
ptg000518l	1	76051	47	76051	100	8.50632	76.9	60
ptg000519l	1	121374	72	121371	99.9975	9.34264	79.3	57.9
ptg000520l	1	931318	910	931308	99.9989	15.0367	78.7	60
ptg000521l	1	84921	90	84919	99.9976	17.2508	77.3	3.2
ptg000522l	1	647206	547	647206	100	12.5811	78.6	60
ptg000523l	1	10170032	11565	10170028	100	17.6641	78.8	59.7
ptg000524l	1	883583	790	883580	99.9997	13.6122	79	59.6
ptg000525l	1	197163	195	197162	99.9995	15.6342	79.7	1.84
ptg000526l	1	986814	1055	986814	100	16.434	78.3	41
ptg000527l	1	123949	75	123937	99.9903	9.7446	77.9	19.3
ptg000528l	1	4661625	5127	4661625	100	17.2882	79.1	59.1
ptg000529l	1	311309	299	311309	100	14.9982	79.6	12
ptg000530l	1	293293	279	293293	100	14.5613	79.3	60
ptg000531l	1	99558	44	99558	100	6.7844	81	57.5
ptg000532l	1	879140	887	879140	100	15.5424	78.2	59.9
ptg000533l	1	162535	115	162535	100	11.254	78.2	57.5
ptg000534l	1	156595	77	156589	99.9962	7.68116	82.7	54.7
ptg000535l	1	89701	33	89701	100	5.64217	75.9	49.1
ptg000536l	1	549152	579	549151	99.9998	16.2948	80.2	26.2
ptg000537l	1	3678107	3823	3678107	100	16.0943	78.8	59.8
ptg000538l	1	2069330	1729	2069329	100	12.9974	79.5	19.8
ptg000539l	1	18862284	21613	18862260	99.9999	17.8907	79	59.9
ptg000540l	1	8919086	8963	8919071	99.9998	15.5372	78.6	59.9
ptg000541l	1	56983	18	56982	99.9982	4.98149	76.4	41.2
ptg000542l	1	634486	515	634486	100	12.3936	78.6	59.9
ptg000543l	1	216096	143	216096	100	10.2774	79.2	3.98
ptg000544l	1	354627	235	354623	99.9989	10.2343	77.1	60
ptg000545l	1	250537	140	250535	99.9992	8.46557	79.7	56
ptg000546l	1	445481	265	445481	100	9.21075	77.1	21.6
ptg000547l	1	664490	625	664488	99.9997	14.8442	79.5	13.7
ptg000548l	1	1096629	1080	1096629	100	14.2155	79.9	17.4
ptg000549l	1	588799	634	588799	100	16.8057	79.4	7.7
ptg000550l	1	6669005	7376	6668989	99.9998	17.2027	79.3	59.7
ptg000551l	1	328974	181	328963	99.9967	8.29579	79.6	48.1
ptg000552l	1	308465	182	308465	100	9.17062	79.3	49.6
ptg000553l	1	1368241	1399	1368241	100	15.4296	79.3	58.4
ptg000554l	1	52899	18	52898	99.9981	5.29008	84.1	35.9
ptg000555l	1	54709	28	54709	100	7.51756	74.9	60
ptg000556l	1	1369839	1814	1369837	99.9999	19.786	78.6	34.2
ptg000557l	1	18488086	20851	18488025	99.9997	17.662	79.1	59.8
ptg000558l	1	1280822	1204	1280814	99.9994	14.5585	79	59.8
ptg000559l	1	58149	29	58146	99.9948	7.90949	75.2	59.7
ptg000560l	1	4088949	4014	4088949	100	15.0858	78.5	59.9
ptg000561l	1	352131	233	352131	100	10.2407	78	40.2
ptg000562l	1	5334437	5532	5334434	99.9999	16.2022	79	40.8
ptg000563l	1	817946	755	817940	99.9993	13.4942	80	40.3
ptg000564l	1	4785244	4644	4785239	99.9999	14.8943	78.8	59.9
ptg000565l	1	277447	259	277447	100	14.159	79.7	60
ptg000566l	1	665228	820	665228	100	19.0182	79.1	53.3
ptg000567l	1	165086	84	165056	99.9818	8.1988	75.8	56.6
ptg000568l	1	1371296	1310	1371296	100	14.6284	78.1	59.9
ptg000569l	1	700067	560	700064	99.9996	12.1143	78.7	15
ptg000570l	1	1544388	1408	1544364	99.9984	14.0091	79.3	59.1
ptg000571l	1	53662	40	53660	99.9963	11.511	81.5	5.3
ptg000572l	1	213479	152	212414	99.5011	10.4329	73.3	15.3
ptg000573l	1	655375	552	655375	100	12.9736	77.6	50.4
ptg000574l	1	1338904	1209	1338861	99.9968	13.9442	78	60
ptg000575l	1	243087	210	243083	99.9984	12.9419	79.2	2.31
ptg000576l	1	112992	81	112992	100	11.0939	81.4	53.9
ptg000577l	1	328003	638	328003	100	29.6304	78.2	3.6
ptg000578l	1	1563638	1407	1560899	99.8248	13.7126	78.7	57.9
ptg000579l	1	168190	107	168190	100	9.91695	77.9	59.9
ptg000580l	1	4072067	4267	4071968	99.9976	16.2905	78.3	59.8
ptg000581l	1	1602839	1368	1602839	100	13.4688	78.8	7.49
ptg000582l	1	395044	283	395041	99.9992	10.6806	78.8	59.3
ptg000583l	1	4706922	4832	4706905	99.9996	15.7988	78.8	59.9
ptg000584l	1	28208	9	28207	99.9965	5.03928	68.5	53
ptg000585l	1	296105	224	296100	99.9983	11.3178	79.1	60
ptg000586l	1	1079771	1401	1077773	99.815	19.8049	78.8	51.1
ptg000587l	1	1218645	1347	1218645	100	17.1801	78.3	59.5
ptg000588l	1	4831470	5096	4831461	99.9998	16.2552	79	59.7
ptg000589l	1	1173093	1046	1173090	99.9997	13.6683	79.3	55
ptg000590l	1	1707586	1741	1707576	99.9994	15.582	78.8	59.3
ptg000591l	1	806677	811	806677	100	15.3587	78.1	60
ptg000592l	1	1572214	1301	1572214	100	12.7322	77.2	60
ptg000593l	1	3373296	3047	3373296	100	13.905	78.3	59.8
ptg000594l	1	2405482	2472	2405482	100	15.9069	78.8	56.9
ptg000595l	1	28982043	31788	28982005	99.9999	17.0428	78.9	59.8
ptg000596l	1	378024	679	378024	100	27.7938	78.7	34.4
ptg000597l	1	1399842	2012	1399842	100	21.1343	79.2	34.8
ptg000598l	1	56755	25	56754	99.9982	6.96788	76.3	59.2
ptg000599l	1	606242	594	606242	100	14.9613	78.9	59.9
ptg000600l	1	1889417	1788	1889413	99.9998	14.4616	78.3	60
ptg000601l	1	2255549	2052	2255497	99.9977	13.953	78.2	60
ptg000602l	1	150954	165	148156	98.1465	17.0059	77.9	4.25
ptg000603l	1	449090	448	449037	99.9882	15.962	78	59.8
ptg000604c	1	42457	241	42457	100	87.1516	71.2	23.6
ptg000605l	1	2603639	2350	2603611	99.9989	13.8691	78.4	60
ptg000606l	1	10675952	11830	10675937	99.9999	17.184	78.6	59.8
ptg000607l	1	694238	649	694237	99.9999	14.1836	79.7	59
ptg000608l	1	1557095	1326	1557054	99.9974	12.6942	78.4	59.7
ptg000609l	1	2017956	1763	2017911	99.9978	13.4968	78.6	59.9
ptg000610l	1	984703	749	984703	100	11.9662	79.8	24.7
ptg000611l	1	137055	150	137055	100	16.322	81	50.7
ptg000612l	1	2577703	2410	2577702	100	14.4947	78.8	58.1
ptg000613l	1	11181759	12329	11181755	100	17.1292	79.1	60
ptg000614l	1	118901	100	118901	100	12.6607	80.4	60
ptg000615l	1	13676267	14385	13676228	99.9997	16.2043	78.9	59.8
ptg000616l	1	150940	75	150937	99.998	7.11816	78.1	58.8
ptg000617l	1	635567	562	635566	99.9998	13.7059	78.6	60
ptg000618l	1	871104	551	871104	100	9.56293	79.9	57.7
ptg000619l	1	134881	88	134881	100	10.1724	84.4	57.9
ptg000620l	1	797729	832	797729	100	15.9848	79.2	59.1
ptg000621l	1	879066	983	879065	99.9999	17.4619	78.2	49.6
ptg000622l	1	851067	864	851067	100	15.757	79.3	23.6
ptg000623l	1	405880	480	405880	100	18.7414	80.3	11.5
ptg000624l	1	1186704	1248	1186704	100	16.4406	78.2	59.8
ptg000625l	1	57740	22	57739	99.9983	6.10528	82.7	59.6
ptg000626l	1	277589	199	277589	100	10.674	77.5	60
ptg000627l	1	1137523	973	1137523	100	13.1088	78.9	59
ptg000628l	1	918599	707	918599	100	11.9228	79.8	52.1
ptg000629l	1	1791378	1711	1791377	99.9999	14.5262	78.7	60
ptg000630l	1	351950	402	351950	100	16.9419	78.4	58.8
ptg000631l	1	302232	707	302213	99.9937	35.3272	72.6	9.23
ptg000632l	1	425402	861	424841	99.8681	31.6543	76.5	32
ptg000633l	1	766965	515	766952	99.9983	10.2312	77.4	60
ptg000634l	1	4024719	4321	4024716	99.9999	16.6043	79	59
ptg000635l	1	744909	1033	744907	99.9997	21.7673	79.5	10.1
ptg000636l	1	618005	532	618005	100	13.1598	78.5	59.9
ptg000637l	1	218278	215	218278	100	15.252	77.7	42.4
ptg000638l	1	699059	587	699059	100	12.8057	79	60
ptg000639l	1	218547	123	218544	99.9986	8.53448	78.4	59.1
ptg000640l	1	856564	691	856563	99.9999	12.4963	78.1	41.3
ptg000641l	1	473079	428	473079	100	14.3068	77.3	8.46
ptg000642l	1	430525	351	430525	100	12.0535	76.9	59
ptg000643c	1	127193	203	127152	99.9678	24.283	80.8	2.36
ptg000644l	1	722505	662	722505	100	14.2636	78.6	60
ptg000645l	1	3982064	3959	3982047	99.9996	15.2504	78.8	59.9
ptg000646c	1	149728	161	148416	99.1237	16.9571	80.2	5.37
ptg000647l	1	291614	288	291613	99.9997	15.1186	77.3	5.68
ptg000648l	1	368152	330	368142	99.9973	13.9762	79.3	6.99
ptg000649l	1	84343	38	84343	100	7.12998	80	58.3
ptg000650l	1	2642351	2416	2642337	99.9995	14.0638	78.6	56.3
ptg000651l	1	227771	153	227765	99.9974	10.3034	74.8	53
ptg000652l	1	116910	108	116910	100	14.4067	82.6	7.26
ptg000653l	1	46593	16	46582	99.9764	5.42476	76.3	57.6
ptg000654l	1	111896	72	111896	100	9.89654	79.7	37.8
ptg000655l	1	515287	383	515286	99.9998	11.6308	78.4	42.9
ptg000656l	1	4420981	5077	4420981	100	17.9291	79.1	59.9
ptg000657l	1	309074	268	309074	100	13.2135	78.7	60
ptg000658l	1	253708	177	253708	100	10.3874	77.8	59.1
ptg000659l	1	75348	70	75321	99.9642	13.7649	73.1	33.1
ptg000660l	1	193262	116	193261	99.9995	8.99675	79.4	34
ptg000661l	1	143406	96	143405	99.9993	9.78482	80.1	52
ptg000662l	1	1419161	2077	1419161	100	23.2595	79.4	8.27
ptg000663l	1	993118	872	993118	100	13.421	78	59.9
ptg000664l	1	790792	522	790785	99.9991	9.89001	77.8	60
ptg000665l	1	55617	21	55617	100	5.64363	79.9	36.3
ptg000666l	1	179925	118	179925	100	10.0024	78.5	52.3
ptg000667l	1	38754	16	38754	100	5.88187	81	56.5
ptg000668l	1	48495	33	48495	100	10.4755	79.2	58.5
ptg000669l	1	2255524	2272	2255520	99.9998	15.5362	78.8	57.5
ptg000670l	1	1014053	953	1014053	100	14.5	79.9	31.6
ptg000671l	1	289423	371	289423	100	19.8862	78.6	33.8
ptg000672l	1	524740	400	524737	99.9994	12.0812	80.6	28.3
ptg000673l	1	41591	33	41591	100	12.1171	78	2.36
ptg000674l	1	362483	360	362456	99.9926	15.4853	79.1	59.8
ptg000675l	1	451188	429	451188	100	14.6545	77.7	60
ptg000676l	1	835679	754	835679	100	13.5674	78.2	60
ptg000677c	1	584962	675	584962	100	17.9865	79.5	9.08
ptg000678l	1	132934	94	132934	100	9.92141	77.3	57.6
ptg000679l	1	735421	754	735421	100	15.9372	78.9	60
ptg000680l	1	393364	309	393364	100	12.1909	77.9	60
ptg000681l	1	59954	50	59952	99.9967	13.0274	73.9	1.3
ptg000682l	1	138818	110	138818	100	10.5556	78.7	59.3
ptg000683l	1	178349	177	178349	100	15.0329	77.4	59
ptg000684l	1	706203	680	706203	100	14.8372	77.7	59.4
ptg000685l	1	44151	22	44151	100	8.16312	80.1	59
ptg000686l	1	384814	331	384806	99.9979	13.5304	79.4	43
ptg000687l	1	299156	225	299156	100	11.7976	78	3.64
ptg000688l	1	325798	235	325798	100	10.7062	78.4	60
ptg000689l	1	98440	55	98438	99.998	8.62825	78.3	57.5
ptg000690l	1	252883	147	252855	99.9889	8.74821	78	49
ptg000691l	1	435188	461	435188	100	15.8991	78.4	57.2
ptg000692l	1	329307	192	329305	99.9994	9.2649	79	55.9
ptg000693l	1	207656	192	207656	100	13.1907	78	60
ptg000694l	1	1200402	813	1200398	99.9997	10.4566	78	60
ptg000695l	1	107749	63	107749	100	9.29933	77	58.2
ptg000696l	1	204956	96	204953	99.9985	7.32555	79.8	59.4
ptg000697l	1	1478166	1487	1478166	100	15.6455	79.4	51.3
ptg000698l	1	265607	182	265607	100	10.9165	77.4	4.15
ptg000699l	1	548139	505	548139	100	14.1675	78.5	60
ptg000700l	1	171670	96	171670	100	8.2281	76.7	60
ptg000701l	1	182816	100	182814	99.9989	8.6376	77.8	56.9
ptg000702l	1	84480	48	84479	99.9988	9.12796	79	45.7
ptg000703l	1	766442	776	766432	99.9987	15.8428	78.7	60
ptg000704l	1	212468	135	212468	100	10.0738	79.5	42.7
ptg000705l	1	333969	282	333969	100	12.5662	76.7	60
ptg000706l	1	86429	35	86429	100	5.8706	77.6	14.2
ptg000707c	1	41052	9	31629	77.0462	3.60655	74.2	8.44
ptg000708l	1	215322	218	215322	100	15.7661	80	17.5
ptg000709l	1	411267	477	411267	100	18.1749	79.6	14.1
ptg000710l	1	67249	111	67147	99.8483	24.814	73	2.35
ptg000711l	1	505981	499	505963	99.9964	15.2205	78.1	51.6
ptg000712l	1	132533	105	132531	99.9985	11.7141	78.7	58.4
ptg000713l	1	102581	67	102573	99.9922	10.4601	79.5	57.4
ptg000714l	1	428046	483	428006	99.9907	17.695	79.3	40.4
ptg000715l	1	130805	445	130805	100	53.5618	78.4	5.59
ptg000716l	1	596401	1003	596401	100	26.1499	75.3	28.6
ptg000717l	1	139944	133	139943	99.9993	15.4192	76.5	6.26
ptg000718l	1	66630	27	66629	99.9985	6.37027	79.5	59.5
ptg000719l	1	551032	339	551028	99.9993	9.59365	79.1	53
ptg000720l	1	5401658	5881	5401658	100	16.9314	79.1	59.6
ptg000721l	1	120826	60	120820	99.995	7.55494	79.7	40.7
ptg000722l	1	248706	119	248694	99.9952	7.26669	80.6	58.3
ptg000723l	1	127927	74	127927	100	9.25851	79.9	48.1
ptg000724l	1	316355	305	316355	100	14.6181	78.7	46.3
ptg000725l	1	642630	588	642630	100	14.5035	79.2	16.2
ptg000726c	1	125064	144	124608	99.6354	17.0195	74.2	2.57
ptg000727l	1	844095	798	844091	99.9995	14.7525	79.8	12.8
ptg000728l	1	193477	170	193477	100	13.1462	77.7	59.8
ptg000729c	1	41544	551	41544	100	200.448	72.7	14.2
ptg000730l	1	288810	215	288810	100	10.1915	78.3	52.9
ptg000731l	1	181104	293	181104	100	25.5342	79.7	19.2
ptg000732c	1	41692	148	41375	99.2397	52.7985	75.6	1.19
ptg000733l	1	94847	89	94847	100	13.8208	77.7	60
ptg000734l	1	317167	294	317167	100	14.6336	78.4	60
ptg000735l	1	119537	108	119537	100	11.4054	78.7	60
ptg000736l	1	1372354	1500	1372352	99.9999	17.0696	78.8	10.4
ptg000737l	1	634100	663	634100	100	15.9593	79.4	59.9
ptg000738l	1	121528	162	121528	100	20.3546	79.3	7.19
ptg000739l	1	102301	64	102296	99.9951	8.79016	77.4	55.5
ptg000740l	1	166575	121	166574	99.9994	11.3638	79.4	13.3
ptg000741l	1	558516	357	558516	100	9.89306	77.6	27.1
ptg000742l	1	183056	145	183056	100	12.0778	78.5	60
ptg000743l	1	6931978	7374	6931970	99.9999	16.6203	79.1	59.9
ptg000744l	1	268649	176	268648	99.9996	10.3619	77.3	58.9
ptg000745l	1	34567	15	34567	100	7.19088	75.5	60
ptg000746l	1	116105	208	109858	94.6195	26.5661	76.9	8.88
ptg000747l	1	90847	30	90847	100	5.63739	74.1	25.9
ptg000748l	1	72886	53	72885	99.9986	11.8669	80.5	49.1
ptg000749l	1	303161	210	303161	100	10.4312	77.6	60
ptg000750l	1	67562	28	67560	99.997	6.60885	80.4	59.9
ptg000751l	1	88742	72	88742	100	13.2967	78.8	5.4
ptg000752l	1	20660	7	20660	100	4.63645	80.9	57
ptg000753l	1	257311	291	257311	100	12.749	76.9	56.3
ptg000754l	1	125532	67	125532	100	8.33902	77.1	55.8
ptg000755l	1	489861	396	489860	99.9998	12.3528	80.2	7.08
ptg000756l	1	125341	173	125341	100	11.8849	78.9	53.2
ptg000757l	1	77234	51	77168	99.9145	10.3735	74.4	60
ptg000758l	1	148914	150	148898	99.9893	16.0527	77	2.6
ptg000759l	1	271854	192	271854	100	10.7936	76.2	60
ptg000760l	1	185210	126	185210	100	10.2937	77	60
ptg000761l	1	80625	38	80625	100	7.09104	79.4	46.8
ptg000762l	1	307124	194	307115	99.9971	9.53981	76.1	55.2
ptg000763l	1	57205	22	57204	99.9983	5.81463	80.5	59.9
ptg000764l	1	158668	96	158668	100	8.93467	76.3	42.6
ptg000765l	1	30964	6	30964	100	3.10577	80.3	52.7
ptg000766l	1	276802	207	276802	100	12.007	78.2	59.8
ptg000767l	1	86775	41	86775	100	6.96703	77.5	60
ptg000768l	1	596764	423	596761	99.9995	11.1236	77.5	32.3
ptg000769c	1	563849	529	563849	100	15.0125	79.5	8.9
ptg000770l	1	21821	3	18458	84.5882	1.5782	64.4	28.7
ptg000771l	1	112835	55	112835	100	7.46048	77.5	58.7
ptg000772l	1	3746234	3713	3746224	99.9997	15.1992	78.4	59.8
ptg000773l	1	141287	84	141287	100	9.07838	81.1	59.7
ptg000774l	1	456591	280	456590	99.9998	9.66993	80.2	54.7
ptg000775l	1	158376	258	158376	100	24.2662	79.6	8.25
ptg000776l	1	282527	146	282527	100	8.16357	78.4	59.5
ptg000777l	1	455996	427	455996	100	14.7065	78.4	19.4
ptg000778l	1	56490	33	56490	100	8.82816	76.4	55.8
ptg000779l	1	38643	19	38643	100	7.24263	76.1	58.9
ptg000780l	1	420846	402	420846	100	14.5633	78.2	59.5
ptg000781l	1	728754	829	728754	100	18.0287	78.6	7.9
ptg000782l	1	51760	23	47921	92.5831	6.25404	71.2	4.35
ptg000783l	1	69686	75	69686	100	16.5343	80.2	18.4
ptg000784l	1	2120637	2278	2120637	100	16.8184	79.4	57.1
ptg000785c	1	73478	97	72093	98.1151	20.417	77.3	4.43
ptg000786l	1	33787961	38360	33787917	99.9999	17.7391	79.1	59.7
ptg000787l	1	91495	42	91491	99.9956	7.1937	77.7	59
ptg000788l	1	39564	15	39564	100	5.49992	80.3	18.9
ptg000789l	1	37075	15	37067	99.9784	6.15792	75.2	0.933
ptg000790l	1	458772	293	458768	99.9991	9.74891	79.1	39.5
ptg000791l	1	42077	15	42077	100	4.91249	80.5	60
ptg000792l	1	75488	40	75488	100	8.9623	79.3	60
ptg000793l	1	482146	459	482146	100	13.7254	79	55.8
ptg000794l	1	346507	216	346507	100	9.28559	78.3	60
ptg000795l	1	156083	92	156073	99.9936	8.86569	76.6	58.8
ptg000796l	1	394546	364	394546	100	14.2215	78.2	57.1
ptg000797l	1	88975	76	88372	99.3223	12.9263	77.3	6.64
ptg000798c	1	116480	157	116480	100	20.3547	78.7	19.2
ptg000799l	1	52190	25	52190	100	7.02221	78.8	60
ptg000800l	1	503292	720	500084	99.3626	22.1242	80.2	46.5
ptg000801l	1	499503	390	499502	99.9998	11.8263	77.9	59.8
ptg000802l	1	8095704	8479	8095690	99.9998	16.261	78.6	59.8
ptg000803l	1	37109	18	37109	100	7.33291	76	3.72
ptg000804l	1	52383	31	52383	100	8.00941	71.4	10.5
ptg000805l	1	312857	177	312857	100	8.9235	79.5	57.4
ptg000806l	1	111775	64	111775	100	9.00519	77.4	60
ptg000807l	1	53496	43	53495	99.9981	12.3276	80.1	5.16
ptg000808l	1	132647	154	132646	99.9992	18.3081	78.8	30.4
ptg000809l	1	627490	622	627484	99.999	15.3809	78.6	58.2
ptg000810l	1	413451	306	413445	99.9985	11.4011	78.5	49.8
ptg000811c	1	62963	81	62963	100	19.4985	79.9	7.28
ptg000812l	1	3693639	4246	3693637	99.9999	17.9453	78.8	59.9
ptg000813l	1	196868	152	196868	100	11.5388	77.7	59.9
ptg000814l	1	1052894	896	1052833	99.9942	12.849	79.1	59.4
ptg000815l	1	64373	38	64372	99.9984	8.77985	80	60
ptg000816l	1	653166	432	653156	99.9985	10.008	76.3	60
ptg000817l	1	310517	241	310517	100	11.6222	76.9	60
ptg000818l	1	188390	106	188389	99.9995	8.65091	77.4	60
ptg000819l	1	389681	321	389681	100	12.7941	77.5	59.8
ptg000820l	1	313200	257	313200	100	12.501	79	47.8
ptg000821l	1	43344	19	43344	100	6.28461	76	24.9
ptg000822l	1	50029	21	50029	100	6.36107	74.4	60
ptg000823l	1	362883	290	362874	99.9975	11.8718	77.7	60
ptg000824l	1	631830	590	631830	100	13.9107	77.3	59.9
ptg000825l	1	35745	9	35706	99.8909	4.04398	81.4	33.1
ptg000826l	1	44034	12	44034	100	3.78887	79.2	60
ptg000827l	1	142540	103	142539	99.9993	10.6892	74.2	60
ptg000828l	1	244615	154	244615	100	9.93563	78.5	58.4
ptg000829l	1	207165	123	207165	100	9.61149	79.2	59.6
ptg000830l	1	136066	75	136055	99.9919	8.81508	76.6	59.9
ptg000831l	1	154275	166	149976	97.2134	15.3728	76.6	15.6
ptg000832l	1	42135	16	42135	100	6.10108	77.7	60
ptg000833l	1	83286	73	83282	99.9952	13.697	77.7	1.56
ptg000834l	1	862255	707	862255	100	12.6987	77.2	59.9
ptg000835l	1	85169	59	85169	100	10.5557	77.9	53.4
ptg000836l	1	72099	37	72099	100	8.40093	77.2	60
ptg000837l	1	398569	616	398569	100	24.1624	78.5	11
ptg000838l	1	86920	55	86920	100	9.42398	78	56
ptg000839l	1	35458	19	35458	100	7.62135	85.3	11.1
ptg000840l	1	68347	38	68346	99.9985	8.55214	79.8	12.8
ptg000841l	1	85962	102	85960	99.9977	18.3674	77.8	7.78
ptg000842l	1	623513	566	623510	99.9995	13.9449	77.2	40.4
ptg000843l	1	97912	69	97912	100	9.90107	75.4	60
ptg000844c	1	205523	161	205523	100	12.2684	78.9	3.61
ptg000845l	1	72772	28	72767	99.9931	5.7814	78.2	54.1
ptg000846l	1	3395602	3744	3395602	100	17.1186	78.8	59.8
ptg000847l	1	260384	175	260381	99.9988	10.5058	77.7	55.8
ptg000848l	1	88389	43	88389	100	8.17964	78.9	10
ptg000849l	1	39416	13	39416	100	4.80569	77.9	58.3
ptg000850c	1	41022	437	40705	99.2272	159.357	73.7	4.55
ptg000851l	1	114375	67	114375	100	9.24204	74.1	39.4
ptg000852l	1	64469	25	64465	99.9938	5.90287	77.8	53.5
ptg000853l	1	108670	53	108670	100	7.4569	79.4	56.9
ptg000854l	1	69636	15	69633	99.9957	3.39198	77.6	39.3
ptg000855l	1	44090	19	44090	100	7.14178	82.9	59.5
ptg000856l	1	110972	53	110972	100	7.32521	75.8	35.3
ptg000857l	1	39427	21	39426	99.9975	8.5079	70.8	57.2
ptg000858c	1	212632	269	212629	99.9986	19.6982	79.2	9.96
ptg000859l	1	141384	90	141369	99.9894	9.63378	78.7	59.3
ptg000860l	1	81842	89	81840	99.9976	15.3395	74.6	6.93
ptg000861l	1	147374	184	147371	99.998	20.0561	77.2	2.82
ptg000862l	1	275845	134	275842	99.9989	7.4565	79.2	25.2
ptg000863l	1	77798	94	77798	100	18.7794	79.4	38.9
ptg000864l	1	516636	453	516636	100	13.5818	80.2	5.28
ptg000865l	1	78493	52	78484	99.9885	9.55191	78.5	50.2
ptg000866l	1	137431	73	137431	100	8.31997	76.5	56.4
ptg000867l	1	51409	22	51409	100	6.62975	79.7	60
ptg000868l	1	122757	60	122755	99.9984	7.77608	80	60
ptg000869l	1	116324	41	115143	98.9847	5.5317	76.3	48.3
ptg000870l	1	332530	298	332530	100	13.684	78.9	60
ptg000871l	1	154317	89	154317	100	8.46488	77.9	37.6
ptg000872c	1	116808	151	115065	98.5078	19.5991	79.6	5.7
ptg000873l	1	25822	9	25822	100	5.07951	69	37.2
ptg000874l	1	487760	465	487754	99.9988	14.8416	77.3	59.7
ptg000875l	1	150786	82	150785	99.9993	8.95421	76.2	59.7
ptg000876l	1	38105	10	38105	100	3.91896	88.3	59.6
ptg000877l	1	93400	62	93400	100	7.77825	74.1	59.1
ptg000878l	1	82197	50	82197	100	8.60193	82.5	56.7
ptg000879l	1	32993	11	32974	99.9424	5.03504	72.3	48.9
ptg000880l	1	98701	39	98701	100	6.30986	80.8	59.2
ptg000881l	1	69448	37	69448	100	8.00407	79.6	42
ptg000882l	1	149007	112	149007	100	10.9315	79.3	60
ptg000883l	1	116923	57	116923	100	7.94856	79.7	59.9
ptg000884l	1	86324	71	86291	99.9618	12.2718	80.4	60
ptg000885l	1	42923	21	42910	99.9697	7.72889	74	52.4
ptg000886l	1	46861	37	46861	100	12.432	79.8	4.32
ptg000887l	1	37651	12	37651	100	5.43688	80.9	34.1
ptg000888l	1	578992	560	578991	99.9998	15.0158	79.2	60
ptg000889l	1	99375	47	99375	100	6.74901	75.6	58.6
ptg000890l	1	69333	27	69328	99.9928	6.37183	77.6	55.9
ptg000891l	1	171720	100	171720	100	8.79072	80.4	48.3
ptg000892l	1	280563	203	280563	100	11.4764	79.3	49.3
ptg000893l	1	134028	73	134028	100	8.2755	78.8	60
ptg000894l	1	706312	636	706287	99.9965	13.6679	79.1	59.6
ptg000895l	1	39296	31	39296	100	11.2755	77.7	46.4
ptg000896c	1	34525	20	34098	98.7632	8.30256	81.6	1
ptg000897l	1	46610	18	46610	100	5.80888	77.5	54.8
ptg000898l	1	151627	77	151627	100	7.7548	76.5	56.9
ptg000899l	1	71317	326	71317	100	64.0143	77.7	32.9
ptg000900l	1	83488	50	83487	99.9988	9.82907	79.8	19.9
ptg000901l	1	204109	161	204105	99.998	12.1043	78.2	16.7
ptg000902l	1	71488	30	71488	100	6.69921	81.2	59.8
ptg000903l	1	32750	122	32750	100	58.7296	81.1	0.664
ptg000904c	1	50603	68	50603	100	20.1019	78.9	2.4
ptg000905l	1	210670	143	210670	100	10.4952	79.3	50.5
ptg000906l	1	49914	39	49914	100	11.9382	75.5	60
ptg000907l	1	132837	87	132837	100	9.5516	79.2	60
ptg000908l	1	170916	135	170916	100	11.8522	79.9	9.16
ptg000909l	1	65464	35	65463	99.9985	8.54848	75.4	10.3
ptg000910l	1	267532	179	267532	100	10.1134	77.6	59.4
ptg000911l	1	169104	78	169104	100	7.35747	79.6	57.2
ptg000912l	1	268688	268	268688	100	14.6581	77.7	56.6
ptg000913l	1	157881	83	157880	99.9994	8.52583	78.3	28
ptg000914l	1	45123	28	45122	99.9978	7.99422	70	53.3
ptg000915l	1	231053	138	231052	99.9996	9.53161	76.6	8.33
ptg000916l	1	162678	85	162678	100	7.9346	79.6	57.4
ptg000917c	1	41317	63	40484	97.9839	21.962	71.4	1.14
ptg000918c	1	53304	51	52811	99.0751	14.7828	83.3	2.67
ptg000919l	1	18134	6	18134	100	4.31427	84.5	51.2
ptg000920l	1	69252	27	69252	100	6.00588	78.6	53.4
ptg000921l	1	70673	62	70673	100	13.3073	77.2	28.7
ptg000922l	1	91921	47	91921	100	8.13791	79.4	45.6
ptg000923l	1	38208	13	38208	100	4.35657	73.4	60
ptg000924l	1	32538	14	32536	99.9939	7.08442	70.7	33
ptg000925l	1	183772	191	183771	99.9995	15.7211	79.9	10.3
ptg000926l	1	84569	143	84569	100	25.4623	79.5	8.52
ptg000927l	1	71582	29	71577	99.993	6.35088	75.7	40.1
ptg000928l	1	60452	19	60452	100	4.51879	77.7	59.8
ptg000929l	1	51322	26	51322	100	7.81384	79	56.8
ptg000930l	1	70367	29	70367	100	6.14942	78.5	60
ptg000931l	1	62846	23	62846	100	5.8661	83.3	59.4
ptg000932c	1	67567	96	67567	100	19.7821	77	16.1
ptg000933l	1	57565	34	57564	99.9983	9.57615	83.7	46.4
ptg000934c	1	48664	24	46925	96.4265	7.10427	84.1	13
ptg000935l	1	178226	96	178226	100	8.12972	79.5	48.8
ptg000936l	1	51191	31	51191	100	8.89496	79.7	60
ptg000937l	1	285822	245	285822	100	13.1882	79.9	42.8
ptg000938l	1	81858	47	81858	100	8.83082	77.9	60
ptg000939l	1	57674	33	57674	100	7.49169	82.1	60
ptg000940l	1	208713	150	208713	100	11.0903	78.2	59.3
ptg000941l	1	118287	70	118287	100	9.04068	78.5	60
ptg000942l	1	149174	73	149150	99.9839	7.3624	77.4	56.3
ptg000943l	1	103955	76	103949	99.9942	10.5881	76.7	60
ptg000944l	1	118337	77	118329	99.9932	10.711	79.7	13
ptg000945l	1	65823	99	65823	100	21.7721	80.6	21.6
ptg000946l	1	95181	60	95181	100	9.45195	80.1	2.58
ptg000947l	1	249456	206	249456	100	12.2142	79.7	60
ptg000948l	1	88104	55	88104	100	9.22436	83	55.8
ptg000949l	1	95717	41	95716	99.999	6.44071	77.1	27.2
ptg000950l	1	28971	8	28971	100	4.03659	77.3	59.6
ptg000951l	1	111110	53	111110	100	7.23266	79.3	57.3
ptg000952l	1	130468	55	130468	100	6.34382	77.4	29.9
ptg000953l	1	52663	29	52662	99.9981	8.24949	75.9	25.3
ptg000954c	1	109773	156	108179	98.5479	21.7906	80.2	4.69
ptg000955l	1	55478	19	55477	99.9982	5.3353	75.6	59.9
ptg000956l	1	41245	21	41245	100	8.28699	82.5	5.95
ptg000957l	1	31157	297	31157	100	144.325	78.1	6.15
ptg000958l	1	132178	95	132178	100	10.0772	78.2	60
ptg000959l	1	36392	8	36392	100	3.4981	79.1	14.1
ptg000960l	1	131859	73	131858	99.9992	8.69073	79.7	52.6
ptg000961l	1	339078	296	339078	100	12.8556	77.8	59.1
ptg000962l	1	72665	47	72663	99.9972	9.17658	81.1	27.6
ptg000963l	1	42210	23	42210	100	7.94234	80.9	10.3
ptg000964l	1	42692	15	42686	99.9859	4.91909	87.2	60
ptg000965l	1	135306	106	135306	100	12.3583	79.1	60
ptg000966l	1	30103	23	30103	100	11.1002	75.6	60
ptg000967l	1	44444	29	44413	99.9302	9.90282	77.6	14.4
ptg000968l	1	90466	49	90463	99.9967	7.067	75.7	60
ptg000969l	1	51666	66	51666	100	20.2752	77.3	10.5
ptg000970l	1	143023	82	143023	100	9.12271	76.7	45.4
ptg000971l	1	80902	44	80887	99.9815	8.77176	82	7.75
ptg000972l	1	105042	826	100742	95.9064	118.691	72.8	0.778
ptg000973l	1	62025	35	62025	100	8.73364	82.3	51.1
ptg000974l	1	90685	52	90685	100	9.31474	75.4	57.7
ptg000975l	1	259844	172	259844	100	10.2408	79.4	55.2
ptg000976l	1	28863	10	28861	99.9931	5.11943	79.1	59.2
ptg000977l	1	62255	26	62253	99.9968	6.7358	76.7	52.2
ptg000978c	1	41275	176	41046	99.4452	61.9536	72.7	2.01
ptg000979l	1	138839	87	138832	99.995	9.0769	80.4	60
ptg000980l	1	74629	33	74628	99.9987	6.20822	79.3	55.3
ptg000981l	1	58989	35	58982	99.9881	8.57194	78.6	59.9
ptg000982l	1	30935	12	30935	100	5.3625	76.3	60
ptg000983l	1	63957	35	63954	99.9953	8.92073	76.3	51.5
ptg000984l	1	48018	33	48012	99.9875	8.25151	77	60
ptg000985c	1	110581	78	109815	99.3073	10.6785	79.8	10.4
ptg000986l	1	46862	21	46859	99.9936	7.03647	74.2	10.2
ptg000987l	1	98749	69	98749	100	10.9914	76.8	56.6
ptg000988l	1	155442	80	155442	100	7.77278	77.8	57.2
ptg000989l	1	24224	8	24224	100	5.39415	64.5	38.1
ptg000990l	1	190930	358	190886	99.977	28.5068	72.6	32
ptg000991l	1	97293	97	97289	99.9959	14.8457	79	1.21
ptg000992l	1	39194	59	39194	100	22.9136	70.2	5.86
ptg000993l	1	92283	67	92280	99.9967	9.27604	78.8	60
ptg000994c	1	74990	141	74133	98.8572	28.2473	77.5	0.674
ptg000995c	1	41481	151	41462	99.9542	54.6884	72.3	0.636
ptg000996l	1	161588	198	161583	99.9969	18.3736	71	25.6
ptg000997l	1	40564	19	40564	100	7.02093	81.6	59.2
ptg000998l	1	49557	24	49555	99.996	7.51355	81.9	60
ptg000999l	1	42005	20	42004	99.9976	6.99372	77.4	56.5
ptg001000l	1	22297	16	22297	100	8.47087	71.9	10.2
ptg001001l	1	49081	24	49081	100	5.28388	81	45.7
ptg001002l	1	48359	22	48356	99.9938	6.9372	77.6	59.8
ptg001003l	1	56794	23	56794	100	6.38851	78.3	58.1
ptg001004l	1	26050	7	26049	99.9962	3.43512	76.2	58
ptg001005l	1	44867	43	44867	100	15.1514	77.4	11.1
ptg001006l	1	68222	33	68220	99.9971	7.60058	78.1	53.2
ptg001007l	1	64938	28	64938	100	6.72771	74.2	60
ptg001008l	1	35613	12	35613	100	4.83503	83.7	55.8
ptg001009l	1	44580	25	44579	99.9978	8.76671	76.5	20.6
ptg001010l	1	50412	24	50411	99.998	7.35948	79.7	57.6
ptg001011l	1	73638	41	73624	99.981	8.55595	77.5	59.4
ptg001012l	1	145974	70	145970	99.9973	6.85035	80.8	57
ptg001013l	1	162850	217	162801	99.9699	20.2839	72.3	2.71
ptg001014l	1	117103	100	117103	100	12.5169	78.8	16.4
ptg001015l	1	52400	16	52395	99.9905	4.4267	85.7	60
ptg001016l	1	32902	18	32902	100	8.21014	79.2	1.44
ptg001017l	1	60106	60	60105	99.9983	15.1018	75.7	5.7
ptg001018l	1	156802	207	156801	99.9994	21.4818	79.5	2.99
ptg001019l	1	28975	8	28973	99.9931	3.66678	84.3	52.4
ptg001020l	1	24859	12	24859	100	5.75329	66.1	17.2
ptg001021l	1	47024	20	47024	100	7.16277	77	60
ptg001022l	1	57456	21	57456	100	6.00674	81.5	56
ptg001023l	1	76543	35	76539	99.9948	7.01487	77.5	0.857
ptg001024l	1	68099	33	68099	100	7.21554	83.4	59.1
ptg001025l	1	27019	17	27016	99.9889	8.78974	75.8	2.29
ptg001026l	1	43437	14	43429	99.9816	5.08852	82.9	7
ptg001027l	1	36727	68	36727	100	21.9215	69.4	41.4
ptg001028l	1	52986	27	52986	100	7.95699	77.6	51.3
ptg001029l	1	79833	58	79831	99.9975	10.958	79.7	34.3
ptg001030l	1	34495	15	34481	99.9594	6.86413	77	29.1
ptg001031c	1	82984	801	82575	99.5071	151.85	71.9	0.825
ptg001032l	1	22901	6	22901	100	3.23623	83.4	57.5
ptg001033l	1	43194	14	43193	99.9977	4.82921	82	55.7
ptg001034l	1	84867	97	84867	100	17.8625	78.6	5.39
ptg001035l	1	106290	88	106287	99.9972	12.7267	80.6	36.8
ptg001036l	1	53377	19	53377	100	5.57223	82.5	12.6
ptg001037l	1	29338	12	29309	99.9012	6.57185	88	60
ptg001038l	1	24240	10	24240	100	5.93771	85	54.1
ptg001039l	1	90471	55	90471	100	9.6691	78.9	38.1
ptg001040l	1	54422	46	50099	92.0565	12.3552	72.7	5.76
ptg001041l	1	44433	10	44430	99.9932	3.60241	78.1	60
ptg001042l	1	32552	15	32552	100	5.93988	84.2	33.6
ptg001043c	1	41634	143	41634	100	52.0253	74.6	25.3
ptg001044l	1	88110	58	88109	99.9989	10.4822	77.3	15.2
ptg001045l	1	88963	36	88963	100	6.45683	80	47.2
ptg001046l	1	36980	28	36980	100	9.61136	82.8	60
ptg001047l	1	38650	12	38625	99.9353	4.62264	75.4	60
ptg001048l	1	62879	36	62879	100	9.10455	74.6	53.4
ptg001049l	1	38487	12	38487	100	4.72445	77.7	60
ptg001050c	1	83283	548	83020	99.6842	100.938	71.3	20.6
ptg001051l	1	43135	21	43134	99.9977	7.37195	71.3	35.8
ptg001052l	1	52133	16	52128	99.9904	4.82779	74.5	0.75
ptg001053l	1	42879	12	42876	99.993	4.50988	78.2	60
ptg001054l	1	43342	14	43340	99.9954	4.48879	83.5	51.4
ptg001055l	1	33064	6	33064	100	2.3603	85.3	60
ptg001056l	1	107056	187	107056	100	26.1982	80.8	9.51
ptg001057l	1	96694	47	96694	100	7.36365	78.2	59.4
ptg001058l	1	48048	15	48046	99.9958	4.56185	78.9	60
ptg001059l	1	38851	12	38850	99.9974	4.6718	85.1	56.8
ptg001060l	1	38875	9	38867	99.9794	3.49199	75.2	56.8
ptg001061l	1	37103	8	37098	99.9865	3.71954	79.1	60
ptg001062l	1	47988	23	47988	100	7.50696	82.9	60
ptg001063l	1	54282	32	54278	99.9926	9.79194	76.5	27
ptg001064l	1	31994	10	31994	100	4.72585	78.5	60
ptg001065l	1	53242	31	53242	100	9.92983	79.8	56.5
ptg001066l	1	71574	32	71574	100	7.03764	78	54.5
ptg001067l	1	25552	15	25552	100	7.63729	78.8	21.8
ptg001068l	1	86945	41	86934	99.9873	7.29764	76.8	58.9
ptg001069l	1	30001	9	30001	100	4.31656	84.3	39.9
ptg001070l	1	36596	11	36587	99.9754	4.76292	62.8	59.6
ptg001071l	1	31690	12	31689	99.9968	5.61578	80.1	60
ptg001072l	1	32008	35	32008	100	17.3537	76.5	3.63
ptg001073l	1	47023	19	47014	99.9809	6.47613	81.1	57.1
ptg001074l	1	44955	37	44955	100	12.2577	80.8	16.5
ptg001075l	1	82816	37	82816	100	6.29416	75.8	27.2
ptg001076l	1	54311	16	54310	99.9982	4.28294	81	47
ptg001077l	1	45263	13	45263	100	4.31944	79.2	50.9
ptg001078l	1	40972	28	40967	99.9878	10.909	79.3	5.04
ptg001079l	1	25929	13	25920	99.9653	6.98565	79.5	23.8
ptg001080l	1	20973	7	20973	100	4.63987	75	60
ptg001081l	1	25445	5	25442	99.9882	2.61277	69.4	35
ptg001082l	1	36596	10	36594	99.9945	3.91961	82.9	60
ptg001083l	1	33660	17	33659	99.997	7.41087	68.7	53.3
ptg001084l	1	36819	11	36818	99.9973	4.46617	84.8	44.4
ptg001085l	1	30680	15	30680	100	7.01441	73.5	8.67
ptg001086l	1	28972	11	28972	100	4.48005	81.7	53.5
ptg001087l	1	28669	17	28667	99.993	8.55021	72.4	14.8
ptg001088l	1	49004	36	49001	99.9939	11.6693	78.6	10.6
ptg001089l	1	38250	9	38245	99.9869	3.39163	80.2	56.7
ptg001090l	1	29226	15	29226	100	7.13341	72.8	59.9
ptg001091c	1	20567	3	16663	81.0181	1.38956	78.9	13
ptg001092l	1	44700	49	44700	100	17.0774	79.5	12.2
ptg001093l	1	59609	37	59609	100	7.72263	78.3	60
ptg001094l	1	196287	165	196285	99.999	13.2653	78.8	2.75
ptg001095l	1	46396	29	46396	100	10.443	84.3	3.1
ptg001096l	1	25184	12	25184	100	5.48042	79	60
ptg001097l	1	42152	9	42151	99.9976	3.12581	68.8	24.6
ptg001098l	1	30056	14	30056	100	7.17471	74.3	58
ptg001099l	1	39199	16	39199	100	6.08743	85.2	58.2
ptg001100l	1	33864	37	33856	99.9764	16.4371	79.2	2.76
ptg001101l	1	28668	15	28667	99.9965	8.17595	70.4	10.7
ptg001102l	1	49559	35	49558	99.998	11.8717	78.3	1.8
ptg001103l	1	30347	14	30347	100	6.43543	76.4	42.6
ptg001104l	1	33594	16	33594	100	7.28681	73.5	60
ptg001105l	1	28093	43	28093	100	19.5501	84.5	51.4
ptg001106l	1	31382	47	31382	100	22.4852	80.6	19.6
ptg001107l	1	22681	24	22681	100	12.5644	77.7	23.3
ptg001108l	1	31883	58	31881	99.9937	26.6962	75.3	3
ptg001109l	1	41123	29	41121	99.9951	10.5879	78.5	36.8
ptg001110l	1	17220	8	17220	100	5.84245	73.6	35.6
ptg001111l	1	35496	47	35495	99.9972	20.5707	78	29.3
ptg001112l	1	44740	75	44739	99.9978	26.8942	79.5	4.28
ptg001113l	1	32182	50	32182	100	23.6625	76.6	35.3
ptg001114l	1	29289	26	29289	100	10.5717	74.4	12.3
ptg001115l	1	32715	48	32715	100	20.1815	78.4	16.4
ptg001116l	1	23980	54	23980	100	31.2013	80.3	17.4
ptg001117l	1	32787	24	32785	99.9939	11.1377	77.3	0.792
ptg001118l	1	37912	53	37912	100	21.0143	72.1	24.1
ptg001119l	1	15063	18	15063	100	9.04063	88.4	23.2
ptg001120l	1	16737	18	16737	100	13.7777	82.3	25.2
ptg001121l	1	18495	5	18486	99.9513	3.41281	63.5	13.8
ptg001122l	1	26596	24	26596	100	13.321	80.8	12.8
ptg001123l	1	32475	186	32475	100	87.6516	72.2	0.726
ptg001124l	1	29876	200	29876	100	90.6415	79.2	6.96
ptg001125l	1	27978	52	27978	100	23.9894	80.1	14.5
ptg001126l	1	44607	36	44607	100	12.0256	75.6	50.9
ptg001127l	1	33855	18	33852	99.9911	7.96541	79.4	0.944
ptg001128l	1	26180	40	26180	100	17.8855	80.2	19.6
ptg001129l	1	32891	61	32891	100	25.3541	76.5	32.5
ptg001130l	1	24476	6	24466	99.9591	3.47773	77.4	22
ptg001131l	1	40509	126	40509	100	48.6225	78	11.9
ptg001132l	1	24665	71	24665	100	37.3001	80	1.2
ptg001133l	1	15881	2	15853	99.8237	1.67653	61.3	4
ptg001134l	1	36352	180	36352	100	78.4809	80.6	6.92
ptg001135l	1	40229	27	40229	100	10.9152	79.6	1.85
ptg001136l	1	32100	20	32099	99.9969	9.46685	74	21.9
ptg001137l	1	25225	23	25225	100	13.7608	79.8	26.3
ptg001138l	1	36652	17	36652	100	7.81483	86.3	1
ptg001139l	1	29799	31	29795	99.9866	14.3416	74	1.45
ptg001140l	1	22826	61	22826	100	37.2089	73.9	1.49
ptg001141l	1	24614	32	24614	100	18.959	79	21.7
ptg001142l	1	22350	8	22348	99.9911	6.16711	79.5	15.6
ptg001143l	1	23296	46	22120	94.9519	26.9683	72.5	0
ptg001144l	1	23149	16	23149	100	9.8406	81	57.6
ptg001145l	1	27451	12	27446	99.9818	6.27052	82.4	4.5
ptg001146l	1	22593	44	22426	99.2608	25.9973	73.7	0.159
ptg001147l	1	21550	53	21550	100	33.3911	76.8	0.0755
ptg001148l	1	38166	32	38165	99.9974	11.6019	78.7	2.06
ptg001149l	1	32082	21	32078	99.9875	10.026	78	18.9
ptg001150l	1	33863	86	33863	100	28.9301	81.2	42.8
ptg001151l	1	35540	66	35540	100	28.6851	77.9	6.76
ptg001152l	1	18938	43	18938	100	28.3467	83.8	22.9
ptg001153l	1	24792	117	24612	99.274	70.1627	72	1.32
ptg001154l	1	16468	3	16468	100	2.78522	79.7	1
ptg001155l	1	22640	46	22640	100	27.745	74.1	1.37
ptg001156l	1	29464	61	29463	99.9966	32.3771	80	4.26
ptg001157l	1	35090	22	35089	99.9972	9.97162	80.5	13.7
ptg001158l	1	22797	23	22797	100	14.2575	77	3.91
ptg001159l	1	30417	21	30417	100	10.6596	79.8	20.1
ptg001160l	1	15835	46	15835	100	27.7977	79.2	49.8
ptg001161l	1	29013	116	29013	100	60.692	79.9	9.53
ptg001162l	1	22075	27	22075	100	17.6043	66.8	21.7
ptg001163l	1	27932	12	27927	99.9821	7.13143	78.1	0.917
ptg001164l	1	32315	104	32315	100	45.0177	78.9	3.52
ptg001165l	1	22200	18	22200	100	8.47689	86.5	43.9
ptg001166l	1	23571	15	23571	100	10.1732	82.2	8
ptg001167l	1	22054	20	22054	100	13.3882	74.1	24.1
ptg001168l	1	24721	69	24719	99.9919	40.7503	70.8	0.087
ptg001169l	1	20272	27	20272	100	18.6837	76	0.222
ptg001170l	1	20673	107	20673	100	69.2978	75.2	2.42
ptg001171l	1	24563	33	24562	99.9959	19.1873	70.2	10.2
ptg001172l	1	27863	11	27863	100	6.60116	75.1	1
ptg001173l	1	24989	23	24989	100	14.1883	73.2	4.91
ptg001174l	1	15917	11	15916	99.9937	8.74643	78.1	49.2
ptg001175l	1	19472	15	19472	100	10.5125	80	13.3
ptg001176l	1	24698	13	24687	99.9555	8.18281	75.4	0.462
ptg001177l	1	23399	47	23399	100	24.7145	82.3	24.6
ptg001178l	1	18798	21	18798	100	14.0769	75.8	14.4
ptg001179l	1	17317	1	17314	99.9827	0.999827	91.4	11
